0,0,0
0.01,0,0
0.02,0,0
0.03,0,0
0.04,0,0
0.05,0,0
0.06,0,0
0.07,0,0
0.08,0,0
0.09,0,0
0.1,0,0
0.11,0,0
0.12,0,0
0.13,0,0
0.14,0,0
0.15,0,0
0.16,0,0
0.17,0,0
0.18,0,0
0.19,0,0
0.2,0,0
0.21,0,0
0.22,0,0
0.23,0,0
0.24,0,0
0.25,0,0
0.26,0,0
0.27,0,0
0.28,0,0
0.29,0,0
0.3,0,0
0.31,0,0
0.32,0,0
0.33,0,0
0.34,0,0
0.35,0,0
0.36,0,0
0.37,0,0
0.38,0,0
0.39,0,0
0.4,0,0
0.41,0,0
0.42,0,0
0.43,0,0
0.44,0,0
0.45,0,0
0.46,0,0
0.47,0,0
0.48,0,0
0.49,0,0
0.5,0,0
0.51,0,0
0.52,0,0
0.53,0,0
0.54,0,0
0.55,0,0
0.56,0,0
0.57,0,0
0.58,0,0
0.59,0,0
0.6,0,0
0.61,0,0
0.62,0,0
0.63,0,0
0.64,0,0
0.65,0,0
0.66,0,0
0.67,0,0
0.68,0,0
0.69,0,0
0.7,0,0
0.71,0,0
0.72,0,0
0.73,0,0
0.74,0,0
0.75,0,0
0.76,0,0
0.77,0,0
0.78,0,0
0.79,0,0
0.8,0,0
0.81,0,0
0.82,0,0
0.83,0,0
0.84,0,0
0.85,0,0
0.86,0,0
0.87,0,0
0.88,0,0
0.89,0,0
0.9,0,0
0.91,0,0
0.92,0,0
0.93,0,0
0.94,0,0
0.95,0,0
0.96,0,0
0.97,0,0
0.98,0,0
0.99,0,0
1,0,0
1.01,0,0
1.02,0,0
1.03,0,0
1.04,0,0
1.05,0,0
1.06,0,0
1.07,0,0
1.08,0,0
1.09,0,0
1.1,0,0
1.11,0,0
1.12,0,0
1.13,0,0
1.14,0,0
1.15,0,0
1.16,0,0
1.17,0,0
1.18,0,0
1.19,0,0
1.2,0,0
1.21,0,0
1.22,0,0
1.23,0,0
1.24,0,0
1.25,0,0
1.26,0,0
1.27,0,0
1.28,0,0
1.29,0,0
1.3,0,0
1.31,0,0
1.32,0,0
1.33,0,0
1.34,0,0
1.35,0,0
1.36,0,0
1.37,0,0
1.38,0,0
1.39,0,0
1.4,0,0
1.41,0,0
1.42,0,0
1.43,0,0
1.44,0,0
1.45,0,0
1.46,0,0
1.47,0,0
1.48,0,0
1.49,0,0
1.5,0,0
1.51,0,0
1.52,0,0
1.53,0,0
1.54,0,0
1.55,0,0
1.56,0,0
1.57,0,0
1.58,0,0
1.59,0,0
1.6,0,0
1.61,0,0
1.62,0,0
1.63,0,0
1.64,0,0
1.65,0,0
1.66,0,0
1.67,0,0
1.68,0,0
1.69,0,0
1.7,0,0
1.71,0,0
1.72,0,0
1.73,0,0
1.74,0,0
1.75,0,0
1.76,0,0
1.77,0,0
1.78,0,0
1.79,0,0
1.8,0,0
1.81,0,0
1.82,0,0
1.83,0,0
1.84,0,0
1.85,0,0
1.86,0,0
1.87,0,0
1.88,0,0
1.89,0,0
1.9,0,0
1.91,0,0
1.92,0,0
1.93,0,0
1.94,0,0
1.95,0,0
1.96,0,0
1.97,0,0
1.98,0,0
1.99,0,0
2,0,0
2.01,0,0
2.02,0,0
2.03,0,0
2.04,0,0
2.05,0,0
2.06,0,0
2.07,0,0
2.08,0,0
2.09,0,0
2.1,0,0
2.11,0,0
2.12,0,0
2.13,0,0
2.14,0,0
2.15,0,0
2.16,0,0
2.17,0,0
2.18,0,0
2.19,0,0
2.2,0,0
2.21,0,0
2.22,0,0
2.23,0,0
2.24,0,0
2.25,0,0
2.26,0,0
2.27,0,0
2.28,0,0
2.29,0,0
2.3,0,0
2.31,0,0
2.32,0,0
2.33,0,0
2.34,0,0
2.35,0,0
2.36,0,0
2.37,0,0
2.38,0,0
2.39,0,0
2.4,0,0
2.41,0,0
2.42,0,0
2.43,0,0
2.44,0,0
2.45,0,0
2.46,0,0
2.47,0,0
2.48,0,0
2.49,0,0
2.5,0,0
2.51,0,0
2.52,0,0
2.53,0,0
2.54,0,0
2.55,0,0
2.56,0,0
2.57,0,0
2.58,0,0
2.59,0,0
2.6,0,0
2.61,0,0
2.62,0,0
2.63,0,0
2.64,0,0
2.65,0,0
2.66,0,0
2.67,0,0
2.68,0,0
2.69,0,0
2.7,0,0
2.71,0,0
2.72,0,0
2.73,0,0
2.74,0,0
2.75,0,0
2.76,0,0
2.77,0,0
2.78,0,0
2.79,0,0
2.8,0,0
2.81,0,0
2.82,0,0
2.83,0,0
2.84,0,0
2.85,0,0
2.86,0,0
2.87,0,0
2.88,0,0
2.89,0,0
2.9,0,0
2.91,0,0
2.92,0,0
2.93,0,0
2.94,0,0
2.95,0,0
2.96,0,0
2.97,0,0
2.98,0,0
2.99,0,0
3,0,0
3.01,0,0
3.02,0,0
3.03,0,0
3.04,0,0
3.05,0,0
3.06,0,0
3.07,0,0
3.08,0,0
3.09,0,0
3.1,0,0
3.11,0,0
3.12,0,0
3.13,0,0
3.14,0,0
3.15,0,0
3.16,0,0
3.17,0,0
3.18,0,0
3.19,0,0
3.2,0,0
3.21,0,0
3.22,0,0
3.23,0,0
3.24,0,0
3.25,0,0
3.26,0,0
3.27,0,0
3.28,0,0
3.29,0,0
3.3,0,0
3.31,0,0
3.32,0,0
3.33,0,0
3.34,0,0
3.35,0,0
3.36,0,0
3.37,0,0
3.38,0,0
3.39,0,0
3.4,0,0
3.41,0,0
3.42,0,0
3.43,0,0
3.44,0,0
3.45,0,0
3.46,0,0
3.47,0,0
3.48,0,0
3.49,0,0
3.5,0,0
3.51,0,0
3.52,0,0
3.53,0,0
3.54,0,0
3.55,0,0
3.56,0,0
3.57,0,0
3.58,0,0
3.59,0,0
3.6,0,0
3.61,0,0
3.62,0,0
3.63,0,0
3.64,0,0
3.65,0,0
3.66,0,0
3.67,0,0
3.68,0,0
3.69,0,0
3.7,0,0
3.71,0,0
3.72,0,0
3.73,0,0
3.74,0,0
3.75,0,0
3.76,0,0
3.77,0,0
3.78,0,0
3.79,0,0
3.8,0,0
3.81,0,0
3.82,0,0
3.83,0,0
3.84,0,0
3.85,0,0
3.86,0,0
3.87,0,0
3.88,0,0
3.89,0,0
3.9,0,0
3.91,0,0
3.92,0,0
3.93,0,0
3.94,0,0
3.95,0,0
3.96,0,0
3.97,0,0
3.98,0,0
3.99,0,0
4,0,0
4.01,0,0
4.02,0,0
4.03,0,0
4.04,0,0
4.05,0,0
4.06,0,0
4.07,0,0
4.08,0,0
4.09,0,0
4.1,0,0
4.11,0,0
4.12,0,0
4.13,0,0
4.14,0,0
4.15,0,0
4.16,0,0
4.17,0,0
4.18,0,0
4.19,0,0
4.2,0,0
4.21,0,0
4.22,0,0
4.23,0,0
4.24,0,0
4.25,0,0
4.26,0,0
4.27,0,0
4.28,0,0
4.29,0,0
4.3,0,0
4.31,0,0
4.32,0,0
4.33,0,0
4.34,0,0
4.35,0,0
4.36,0,0
4.37,0,0
4.38,0,0
4.39,0,0
4.4,0,0
4.41,0,0
4.42,0,0
4.43,0,0
4.44,0,0
4.45,0,0
4.46,0,0
4.47,0,0
4.48,0,0
4.49,0,0
4.5,0,0
4.51,0,0
4.52,0,0
4.53,0,0
4.54,0,0
4.55,0,0
4.56,0,0
4.57,0,0
4.58,0,0
4.59,0,0
4.6,0,0
4.61,0,0
4.62,0,0
4.63,0,0
4.64,0,0
4.65,0,0
4.66,0,0
4.67,0,0
4.68,0,0
4.69,0,0
4.7,0,0
4.71,0,0
4.72,0,0
4.73,0,0
4.74,0,0
4.75,0,0
4.76,0,0
4.77,0,0
4.78,0,0
4.79,0,0
4.8,0,0
4.81,0,0
4.82,0,0
4.83,0,0
4.84,0,0
4.85,0,0
4.86,0,0
4.87,0,0
4.88,0,0
4.89,0,0
4.9,0,0
4.91,0,0
4.92,0,0
4.93,0,0
4.94,0,0
4.95,0,0
4.96,0,0
4.97,0,0
4.98,0,0
4.99,0,0
5,0,0
5.01,0,0
5.02,0,0
5.03,0,0
5.04,0,0
5.05,0,0
5.06,0,0
5.07,0,0
5.08,0,0
5.09,0,0
5.1,0,0
5.11,0,0
5.12,0,0
5.13,0,0
5.14,0,0
5.15,0,0
5.16,0,0
5.17,0,0
5.18,0,0
5.19,0,0
5.2,0,0
5.21,0,0
5.22,0,0
5.23,0,0
5.24,0,0
5.25,0,0
5.26,0,0
5.27,0,0
5.28,0,0
5.29,0,0
5.3,0,0
5.31,0,0
5.32,0,0
5.33,0,0
5.34,0,0
5.35,0,0
5.36,0,0
5.37,0,0
5.38,0,0
5.39,0,0
5.4,0,0
5.41,0,0
5.42,0,0
5.43,0,0
5.44,0,0
5.45,0,0
5.46,0,0
5.47,0,0
5.48,0,0
5.49,0,0
5.5,0,0
5.51,0,0
5.52,0,0
5.53,0,0
5.54,0,0
5.55,0,0
5.56,0,0
5.57,0,0
5.58,0,0
5.59,0,0
5.6,0,0
5.61,0,0
5.62,0,0
5.63,0,0
5.64,0,0
5.65,0,0
5.66,0,0
5.67,0,0
5.68,0,0
5.69,0,0
5.7,0,0
5.71,0,0
5.72,0,0
5.73,0,0
5.74,0,0
5.75,0,0
5.76,0,0
5.77,0,0
5.78,0,0
5.79,0,0
5.8,0,0
5.81,0,0
5.82,0,0
5.83,0,0
5.84,0,0
5.85,0,0
5.86,0,0
5.87,0,0
5.88,0,0
5.89,0,0
5.9,0,0
5.91,0,0
5.92,0,0
5.93,0,0
5.94,0,0
5.95,0,0
5.96,0,0
5.97,0,0
5.98,0,0
5.99,0,0
6,0,0
6.01,0,0
6.02,0,0
6.03,0,0
6.04,0,0
6.05,0,0
6.06,0,0
6.07,0,0
6.08,0,0
6.09,0,0
6.1,0,0
6.11,0,0
6.12,0,0
6.13,0,0
6.14,0,0
6.15,0,0
6.16,0,0
6.17,0,0
6.18,0,0
6.19,0,0
6.2,0,0
6.21,0,0
6.22,0,0
6.23,0,0
6.24,0,0
6.25,0,0
6.26,0,0
6.27,0,0
6.28,0,0
6.29,0,0
6.3,0,0
6.31,0,0
6.32,0,0
6.33,0,0
6.34,0,0
6.35,0,0
6.36,0,0
6.37,0,0
6.38,0,0
6.39,0,0
6.4,0,0
6.41,0,0
6.42,0,0
6.43,0,0
6.44,0,0
6.45,0,0
6.46,0,0
6.47,0,0
6.48,0,0
6.49,0,0
6.5,0,0
6.51,0,0
6.52,0,0
6.53,0,0
6.54,0,0
6.55,0,0
6.56,0,0
6.57,0,0
6.58,0,0
6.59,0,0
6.6,0,0
6.61,0,0
6.62,0,0
6.63,0,0
6.64,0,0
6.65,0,0
6.66,0,0
6.67,0,0
6.68,0,0
6.69,0,0
6.7,0,0
6.71,0,0
6.72,0,0
6.73,0,0
6.74,0,0
6.75,0,0
6.76,0,0
6.77,0,0
6.78,0,0
6.79,0,0
6.8,0,0
6.81,0,0
6.82,0,0
6.83,0,0
6.84,0,0
6.85,0,0
6.86,0,0
6.87,0,0
6.88,0,0
6.89,0,0
6.9,0,0
6.91,0,0
6.92,0,0
6.93,0,0
6.94,0,0
6.95,0,0
6.96,0,0
6.97,0,0
6.98,0,0
6.99,0,0
7,0,0
7.01,0,0
7.02,0,0
7.03,0,0
7.04,0,0
7.05,0,0
7.06,0,0
7.07,0,0
7.08,0,0
7.09,0,0
7.1,0,0
7.11,0,0
7.12,0,0
7.13,0,0
7.14,0,0
7.15,0,0
7.16,0,0
7.17,0,0
7.18,0,0
7.19,0,0
7.2,0,0
7.21,0,0
7.22,0,0
7.23,0,0
7.24,0,0
7.25,0,0
7.26,0,0
7.27,0,0
7.28,0,0
7.29,0,0
7.3,0,0
7.31,0,0
7.32,0,0
7.33,0,0
7.34,0,0
7.35,0,0
7.36,0,0
7.37,0,0
7.38,0,0
7.39,0,0
7.4,0,0
7.41,0,0
7.42,0,0
7.43,0,0
7.44,0,0
7.45,0,0
7.46,0,0
7.47,0,0
7.48,0,0
7.49,0,0
7.5,0,0
7.51,0,0
7.52,0,0
7.53,0,0
7.54,0,0
7.55,0,0
7.56,0,0
7.57,0,0
7.58,0,0
7.59,0,0
7.6,0,0
7.61,0,0
7.62,0,0
7.63,0,0
7.64,0,0
7.65,0,0
7.66,0,0
7.67,0,0
7.68,0,0
7.69,0,0
7.7,0,0
7.71,0,0
7.72,0,0
7.73,0,0
7.74,0,0
7.75,0,0
7.76,0,0
7.77,0,0
7.78,0,0
7.79,0,0
7.8,0,0
7.81,0,0
7.82,0,0
7.83,0,0
7.84,0,0
7.85,0,0
7.86,0,0
7.87,0,0
7.88,0,0
7.89,0,0
7.9,0,0
7.91,0,0
7.92,0,0
7.93,0,0
7.94,0,0
7.95,0,0
7.96,0,0
7.97,0,0
7.98,0,0
7.99,0,0
8,0,0
8.01,0,0
8.02,0,0
8.03,0,0
8.04,0,0
8.05,0,0
8.06,0,0
8.07,0,0
8.08,0,0
8.09,0,0
8.1,0,0
8.11,0,0
8.12,0,0
8.13,0,0
8.14,0,0
8.15,0,0
8.16,0,0
8.17,0,0
8.18,0,0
8.19,0,0
8.2,0,0
8.21,0,0
8.22,0,0
8.23,0,0
8.24,0,0
8.25,0,0
8.26,0,0
8.27,0,0
8.28,0,0
8.29,0,0
8.3,0,0
8.31,0,0
8.32,0,0
8.33,0,0
8.34,0,0
8.35,0,0
8.36,0,0
8.37,0,0
8.38,0,0
8.39,0,0
8.4,0,0
8.41,0,0
8.42,0,0
8.43,0,0
8.44,0,0
8.45,0,0
8.46,0,0
8.47,0,0
8.48,0,0
8.49,0,0
8.5,0,0
8.51,0,0
8.52,0,0
8.53,0,0
8.54,0,0
8.55,0,0
8.56,0,0
8.57,0,0
8.58,0,0
8.59,0,0
8.6,0,0
8.61,0,0
8.62,0,0
8.63,0,0
8.64,0,0
8.65,0,0
8.66,0,0
8.67,0,0
8.68,0,0
8.69,0,0
8.7,0,0
8.71,0,0
8.72,0,0
8.73,0,0
8.74,0,0
8.75,0,0
8.76,0,0
8.77,0,0
8.78,0,0
8.79,0,0
8.8,0,0
8.81,0,0
8.82,0,0
8.83,0,0
8.84,0,0
8.85,0,0
8.86,0,0
8.87,0,0
8.88,0,0
8.89,0,0
8.9,0,0
8.91,0,0
8.92,0,0
8.93,0,0
8.94,0,0
8.95,0,0
8.96,0,0
8.97,0,0
8.98,0,0
8.99,0,0
9,0,0
9.01,0,0
9.02,0,0
9.03,0,0
9.04,0,0
9.05,0,0
9.06,0,0
9.07,0,0
9.08,0,0
9.09,0,0
9.1,0,0
9.11,0,0
9.12,0,0
9.13,0,0
9.14,0,0
9.15,0,0
9.16,0,0
9.17,0,0
9.18,0,0
9.19,0,0
9.2,0,0
9.21,0,0
9.22,0,0
9.23,0,0
9.24,0,0
9.25,0,0
9.26,0,0
9.27,0,0
9.28,0,0
9.29,0,0
9.3,0,0
9.31,0,0
9.32,0,0
9.33,0,0
9.34,0,0
9.35,0,0
9.36,0,0
9.37,0,0
9.38,0,0
9.39,0,0
9.4,0,0
9.41,0,0
9.42,0,0
9.43,0,0
9.44,0,0
9.45,0,0
9.46,0,0
9.47,0,0
9.48,0,0
9.49,0,0
9.5,0,0
9.51,0,0
9.52,0,0
9.53,0,0
9.54,0,0
9.55,0,0
9.56,0,0
9.57,0,0
9.58,0,0
9.59,0,0
9.6,0,0
9.61,0,0
9.62,0,0
9.63,0,0
9.64,0,0
9.65,0,0
9.66,0,0
9.67,0,0
9.68,0,0
9.69,0,0
9.7,0,0
9.71,0,0
9.72,0,0
9.73,0,0
9.74,0,0
9.75,0,0
9.76,0,0
9.77,0,0
9.78,0,0
9.79,0,0
9.8,0,0
9.81,0,0
9.82,0,0
9.83,0,0
9.84,0,0
9.85,0,0
9.86,0,0
9.87,0,0
9.88,0,0
9.89,0,0
9.9,0,0
9.91,0,0
9.92,0,0
9.93,0,0
9.94,0,0
9.95,0,0
9.96,0,0
9.97,0,0
9.98,0,0
9.99,0,0
10,0,0
10.01,1,0
10.02,1,0
10.03,1,0
10.04,1,0
10.05,1,0
10.06,1,0
10.07,1,0
10.08,1,0
10.09,1,0
10.1,1,0
10.11,1,0
10.12,1,0
10.13,1,0
10.14,1,0
10.15,1,0
10.16,1,0
10.17,1,0
10.18,1,0
10.19,1,0
10.2,1,0
10.21,1,0
10.22,1,9.9006e-05
10.23,1,0.00039209
10.24,1,0.00087347
10.25,1,0.0015375
10.26,1,0.0023786
10.27,1,0.0033914
10.28,1,0.0045706
10.29,1,0.0059111
10.3,1,0.0074078
10.31,1,0.0090559
10.32,1,0.010851
10.33,1,0.012787
10.34,1,0.014861
10.35,1,0.017067
10.36,1,0.019402
10.37,1,0.021861
10.38,1,0.024441
10.39,1,0.027136
10.4,1,0.029943
10.41,1,0.032859
10.42,1,0.035878
10.43,1,0.038999
10.44,1,0.042216
10.45,1,0.045528
10.46,1,0.048929
10.47,1,0.052417
10.48,1,0.055989
10.49,1,0.059642
10.5,1,0.063371
10.51,1,0.067175
10.52,1,0.071051
10.53,1,0.074994
10.54,1,0.079004
10.55,1,0.083076
10.56,1,0.087209
10.57,1,0.0914
10.58,1,0.095645
10.59,1,0.099944
10.6,1,0.10429
10.61,1,0.10869
10.62,1,0.11313
10.63,1,0.11762
10.64,1,0.12214
10.65,1,0.12671
10.66,1,0.13131
10.67,1,0.13595
10.68,1,0.14062
10.69,1,0.14533
10.7,1,0.15006
10.71,1,0.15482
10.72,1,0.1596
10.73,1,0.16441
10.74,1,0.16925
10.75,1,0.1741
10.76,1,0.17897
10.77,1,0.18386
10.78,1,0.18877
10.79,1,0.19369
10.8,1,0.19862
10.81,1,0.20357
10.82,1,0.20853
10.83,1,0.2135
10.84,1,0.21847
10.85,1,0.22345
10.86,1,0.22844
10.87,1,0.23343
10.88,1,0.23843
10.89,1,0.24343
10.9,1,0.24843
10.91,1,0.25343
10.92,1,0.25843
10.93,1,0.26342
10.94,1,0.26842
10.95,1,0.27341
10.96,1,0.2784
10.97,1,0.28338
10.98,1,0.28835
10.99,1,0.29332
11,1,0.29829
11.01,1,0.30324
11.02,1,0.30818
11.03,1,0.31312
11.04,1,0.31804
11.05,1,0.32295
11.06,1,0.32785
11.07,1,0.33274
11.08,1,0.33762
11.09,1,0.34248
11.1,1,0.34733
11.11,1,0.35216
11.12,1,0.35698
11.13,1,0.36178
11.14,1,0.36657
11.15,1,0.37133
11.16,1,0.37609
11.17,1,0.38082
11.18,1,0.38554
11.19,1,0.39024
11.2,1,0.39492
11.21,1,0.39958
11.22,1,0.40422
11.23,1,0.40884
11.24,1,0.41344
11.25,1,0.41802
11.26,1,0.42258
11.27,1,0.42712
11.28,1,0.43164
11.29,1,0.43613
11.3,1,0.44061
11.31,1,0.44506
11.32,1,0.44949
11.33,1,0.4539
11.34,1,0.45828
11.35,1,0.46265
11.36,1,0.46699
11.37,1,0.4713
11.38,1,0.47559
11.39,1,0.47986
11.4,1,0.48411
11.41,1,0.48833
11.42,1,0.49253
11.43,1,0.4967
11.44,1,0.50085
11.45,1,0.50497
11.46,1,0.50908
11.47,1,0.51315
11.48,1,0.5172
11.49,1,0.52123
11.5,1,0.52523
11.51,1,0.52921
11.52,1,0.53316
11.53,1,0.53709
11.54,1,0.54099
11.55,1,0.54487
11.56,1,0.54872
11.57,1,0.55255
11.58,1,0.55636
11.59,1,0.56013
11.6,1,0.56389
11.61,1,0.56762
11.62,1,0.57132
11.63,1,0.575
11.64,1,0.57865
11.65,1,0.58228
11.66,1,0.58588
11.67,1,0.58946
11.68,1,0.59301
11.69,1,0.59654
11.7,1,0.60005
11.71,1,0.60353
11.72,1,0.60698
11.73,1,0.61041
11.74,1,0.61382
11.75,1,0.6172
11.76,1,0.62055
11.77,1,0.62389
11.78,1,0.62719
11.79,1,0.63048
11.8,1,0.63373
11.81,1,0.63697
11.82,1,0.64018
11.83,1,0.64337
11.84,1,0.64653
11.85,1,0.64967
11.86,1,0.65278
11.87,1,0.65587
11.88,1,0.65894
11.89,1,0.66199
11.9,1,0.66501
11.91,1,0.66801
11.92,1,0.67098
11.93,1,0.67393
11.94,1,0.67686
11.95,1,0.67977
11.96,1,0.68265
11.97,1,0.68551
11.98,1,0.68835
11.99,1,0.69116
12,1,0.69396
12.01,1,0.69673
12.02,1,0.69947
12.03,1,0.7022
12.04,1,0.70491
12.05,1,0.70759
12.06,1,0.71025
12.07,1,0.71289
12.08,1,0.71551
12.09,1,0.7181
12.1,1,0.72068
12.11,1,0.72323
12.12,1,0.72577
12.13,1,0.72828
12.14,1,0.73077
12.15,1,0.73324
12.16,1,0.73569
12.17,1,0.73812
12.18,1,0.74053
12.19,1,0.74292
12.2,1,0.74529
12.21,1,0.74765
12.22,1,0.74998
12.23,1,0.75229
12.24,1,0.75458
12.25,1,0.75685
12.26,1,0.7591
12.27,1,0.76134
12.28,1,0.76355
12.29,1,0.76575
12.3,1,0.76792
12.31,1,0.77008
12.32,1,0.77222
12.33,1,0.77434
12.34,1,0.77645
12.35,1,0.77853
12.36,1,0.7806
12.37,1,0.78265
12.38,1,0.78468
12.39,1,0.7867
12.4,1,0.78869
12.41,1,0.79067
12.42,1,0.79263
12.43,1,0.79458
12.44,1,0.79651
12.45,1,0.79842
12.46,1,0.80031
12.47,1,0.80219
12.48,1,0.80405
12.49,1,0.80589
12.5,1,0.80772
12.51,1,0.80953
12.52,1,0.81133
12.53,1,0.81311
12.54,1,0.81487
12.55,1,0.81662
12.56,1,0.81836
12.57,1,0.82007
12.58,1,0.82178
12.59,1,0.82346
12.6,1,0.82514
12.61,1,0.82679
12.62,1,0.82844
12.63,1,0.83006
12.64,1,0.83168
12.65,1,0.83328
12.66,1,0.83486
12.67,1,0.83643
12.68,1,0.83798
12.69,1,0.83953
12.7,1,0.84105
12.71,1,0.84257
12.72,1,0.84407
12.73,1,0.84555
12.74,1,0.84703
12.75,1,0.84849
12.76,1,0.84993
12.77,1,0.85137
12.78,1,0.85279
12.79,1,0.85419
12.8,1,0.85559
12.81,1,0.85697
12.82,1,0.85834
12.83,1,0.85969
12.84,1,0.86104
12.85,1,0.86237
12.86,1,0.86369
12.87,1,0.865
12.88,1,0.86629
12.89,1,0.86757
12.9,1,0.86885
12.91,1,0.87011
12.92,1,0.87135
12.93,1,0.87259
12.94,1,0.87381
12.95,1,0.87503
12.96,1,0.87623
12.97,1,0.87742
12.98,1,0.8786
12.99,1,0.87977
13,1,0.88093
13.01,1,0.88208
13.02,1,0.88321
13.03,1,0.88434
13.04,1,0.88546
13.05,1,0.88656
13.06,1,0.88766
13.07,1,0.88874
13.08,1,0.88982
13.09,1,0.89088
13.1,1,0.89194
13.11,1,0.89298
13.12,1,0.89402
13.13,1,0.89504
13.14,1,0.89606
13.15,1,0.89706
13.16,1,0.89806
13.17,1,0.89905
13.18,1,0.90003
13.19,1,0.90099
13.2,1,0.90195
13.21,1,0.9029
13.22,1,0.90385
13.23,1,0.90478
13.24,1,0.9057
13.25,1,0.90662
13.26,1,0.90753
13.27,1,0.90842
13.28,1,0.90931
13.29,1,0.91019
13.3,1,0.91107
13.31,1,0.91193
13.32,1,0.91279
13.33,1,0.91364
13.34,1,0.91448
13.35,1,0.91531
13.36,1,0.91613
13.37,1,0.91695
13.38,1,0.91776
13.39,1,0.91856
13.4,1,0.91935
13.41,1,0.92014
13.42,1,0.92092
13.43,1,0.92169
13.44,1,0.92245
13.45,1,0.92321
13.46,1,0.92396
13.47,1,0.9247
13.48,1,0.92543
13.49,1,0.92616
13.5,1,0.92688
13.51,1,0.92759
13.52,1,0.9283
13.53,1,0.929
13.54,1,0.92969
13.55,1,0.93038
13.56,1,0.93106
13.57,1,0.93174
13.58,1,0.9324
13.59,1,0.93306
13.6,1,0.93372
13.61,1,0.93437
13.62,1,0.93501
13.63,1,0.93565
13.64,1,0.93628
13.65,1,0.9369
13.66,1,0.93752
13.67,1,0.93813
13.68,1,0.93873
13.69,1,0.93933
13.7,1,0.93993
13.71,1,0.94052
13.72,1,0.9411
13.73,1,0.94168
13.74,1,0.94225
13.75,1,0.94282
13.76,1,0.94338
13.77,1,0.94393
13.78,1,0.94448
13.79,1,0.94503
13.8,1,0.94557
13.81,1,0.9461
13.82,1,0.94663
13.83,1,0.94715
13.84,1,0.94767
13.85,1,0.94818
13.86,1,0.94869
13.87,1,0.9492
13.88,1,0.9497
13.89,1,0.95019
13.9,1,0.95068
13.91,1,0.95116
13.92,1,0.95164
13.93,1,0.95212
13.94,1,0.95259
13.95,1,0.95306
13.96,1,0.95352
13.97,1,0.95397
13.98,1,0.95443
13.99,1,0.95488
14,1,0.95532
14.01,1,0.95576
14.02,1,0.95619
14.03,1,0.95663
14.04,1,0.95705
14.05,1,0.95747
14.06,1,0.95789
14.07,1,0.95831
14.08,1,0.95872
14.09,1,0.95912
14.1,1,0.95953
14.11,1,0.95993
14.12,1,0.96032
14.13,1,0.96071
14.14,1,0.9611
14.15,1,0.96148
14.16,1,0.96186
14.17,1,0.96224
14.18,1,0.96261
14.19,1,0.96298
14.2,1,0.96334
14.21,1,0.9637
14.22,1,0.96406
14.23,1,0.96442
14.24,1,0.96477
14.25,1,0.96511
14.26,1,0.96546
14.27,1,0.9658
14.28,1,0.96614
14.29,1,0.96647
14.3,1,0.9668
14.31,1,0.96713
14.32,1,0.96745
14.33,1,0.96777
14.34,1,0.96809
14.35,1,0.96841
14.36,1,0.96872
14.37,1,0.96903
14.38,1,0.96933
14.39,1,0.96964
14.4,1,0.96994
14.41,1,0.97023
14.42,1,0.97053
14.43,1,0.97082
14.44,1,0.97111
14.45,1,0.97139
14.46,1,0.97168
14.47,1,0.97195
14.48,1,0.97223
14.49,1,0.97251
14.5,1,0.97278
14.51,1,0.97305
14.52,1,0.97331
14.53,1,0.97358
14.54,1,0.97384
14.55,1,0.9741
14.56,1,0.97435
14.57,1,0.97461
14.58,1,0.97486
14.59,1,0.97511
14.6,1,0.97535
14.61,1,0.9756
14.62,1,0.97584
14.63,1,0.97608
14.64,1,0.97631
14.65,1,0.97655
14.66,1,0.97678
14.67,1,0.97701
14.68,1,0.97724
14.69,1,0.97746
14.7,1,0.97768
14.71,1,0.97791
14.72,1,0.97812
14.73,1,0.97834
14.74,1,0.97855
14.75,1,0.97877
14.76,1,0.97898
14.77,1,0.97919
14.78,1,0.97939
14.79,1,0.9796
14.8,1,0.9798
14.81,1,0.98
14.82,1,0.9802
14.83,1,0.98039
14.84,1,0.98059
14.85,1,0.98078
14.86,1,0.98097
14.87,1,0.98116
14.88,1,0.98134
14.89,1,0.98153
14.9,1,0.98171
14.91,1,0.98189
14.92,1,0.98207
14.93,1,0.98225
14.94,1,0.98242
14.95,1,0.9826
14.96,1,0.98277
14.97,1,0.98294
14.98,1,0.98311
14.99,1,0.98328
15,1,0.98344
15.01,1,0.98361
15.02,1,0.98377
15.03,1,0.98393
15.04,1,0.98409
15.05,1,0.98425
15.06,1,0.9844
15.07,1,0.98456
15.08,1,0.98471
15.09,1,0.98486
15.1,1,0.98501
15.11,1,0.98516
15.12,1,0.98531
15.13,1,0.98546
15.14,1,0.9856
15.15,1,0.98574
15.16,1,0.98588
15.17,1,0.98602
15.18,1,0.98616
15.19,1,0.9863
15.2,1,0.98643
15.21,1,0.98657
15.22,1,0.9867
15.23,1,0.98683
15.24,1,0.98697
15.25,1,0.98709
15.26,1,0.98722
15.27,1,0.98735
15.28,1,0.98747
15.29,1,0.9876
15.3,1,0.98772
15.31,1,0.98784
15.32,1,0.98796
15.33,1,0.98808
15.34,1,0.9882
15.35,1,0.98832
15.36,1,0.98843
15.37,1,0.98855
15.38,1,0.98866
15.39,1,0.98878
15.4,1,0.98889
15.41,1,0.989
15.42,1,0.98911
15.43,1,0.98921
15.44,1,0.98932
15.45,1,0.98943
15.46,1,0.98953
15.47,1,0.98964
15.48,1,0.98974
15.49,1,0.98984
15.5,1,0.98994
15.51,1,0.99004
15.52,1,0.99014
15.53,1,0.99024
15.54,1,0.99034
15.55,1,0.99043
15.56,1,0.99053
15.57,1,0.99062
15.58,1,0.99071
15.59,1,0.99081
15.6,1,0.9909
15.61,1,0.99099
15.62,1,0.99108
15.63,1,0.99117
15.64,1,0.99125
15.65,1,0.99134
15.66,1,0.99143
15.67,1,0.99151
15.68,1,0.9916
15.69,1,0.99168
15.7,1,0.99176
15.71,1,0.99184
15.72,1,0.99192
15.73,1,0.992
15.74,1,0.99208
15.75,1,0.99216
15.76,1,0.99224
15.77,1,0.99232
15.78,1,0.99239
15.79,1,0.99247
15.8,1,0.99254
15.81,1,0.99262
15.82,1,0.99269
15.83,1,0.99276
15.84,1,0.99284
15.85,1,0.99291
15.86,1,0.99298
15.87,1,0.99305
15.88,1,0.99312
15.89,1,0.99318
15.9,1,0.99325
15.91,1,0.99332
15.92,1,0.99339
15.93,1,0.99345
15.94,1,0.99352
15.95,1,0.99358
15.96,1,0.99364
15.97,1,0.99371
15.98,1,0.99377
15.99,1,0.99383
16,1,0.99389
16.01,1,0.99395
16.02,1,0.99401
16.03,1,0.99407
16.04,1,0.99413
16.05,1,0.99419
16.06,1,0.99425
16.07,1,0.99431
16.08,1,0.99436
16.09,1,0.99442
16.1,1,0.99447
16.11,1,0.99453
16.12,1,0.99458
16.13,1,0.99464
16.14,1,0.99469
16.15,1,0.99474
16.16,1,0.9948
16.17,1,0.99485
16.18,1,0.9949
16.19,1,0.99495
16.2,1,0.995
16.21,1,0.99505
16.22,1,0.9951
16.23,1,0.99515
16.24,1,0.99519
16.25,1,0.99524
16.26,1,0.99529
16.27,1,0.99534
16.28,1,0.99538
16.29,1,0.99543
16.3,1,0.99547
16.31,1,0.99552
16.32,1,0.99556
16.33,1,0.99561
16.34,1,0.99565
16.35,1,0.99569
16.36,1,0.99574
16.37,1,0.99578
16.38,1,0.99582
16.39,1,0.99586
16.4,1,0.9959
16.41,1,0.99595
16.42,1,0.99599
16.43,1,0.99603
16.44,1,0.99606
16.45,1,0.9961
16.46,1,0.99614
16.47,1,0.99618
16.48,1,0.99622
16.49,1,0.99626
16.5,1,0.99629
16.51,1,0.99633
16.52,1,0.99637
16.53,1,0.9964
16.54,1,0.99644
16.55,1,0.99647
16.56,1,0.99651
16.57,1,0.99654
16.58,1,0.99658
16.59,1,0.99661
16.6,1,0.99665
16.61,1,0.99668
16.62,1,0.99671
16.63,1,0.99675
16.64,1,0.99678
16.65,1,0.99681
16.66,1,0.99684
16.67,1,0.99687
16.68,1,0.9969
16.69,1,0.99693
16.7,1,0.99697
16.71,1,0.997
16.72,1,0.99703
16.73,1,0.99705
16.74,1,0.99708
16.75,1,0.99711
16.76,1,0.99714
16.77,1,0.99717
16.78,1,0.9972
16.79,1,0.99723
16.8,1,0.99725
16.81,1,0.99728
16.82,1,0.99731
16.83,1,0.99733
16.84,1,0.99736
16.85,1,0.99739
16.86,1,0.99741
16.87,1,0.99744
16.88,1,0.99746
16.89,1,0.99749
16.9,1,0.99751
16.91,1,0.99754
16.92,1,0.99756
16.93,1,0.99759
16.94,1,0.99761
16.95,1,0.99764
16.96,1,0.99766
16.97,1,0.99768
16.98,1,0.99771
16.99,1,0.99773
17,1,0.99775
17.01,1,0.99777
17.02,1,0.9978
17.03,1,0.99782
17.04,1,0.99784
17.05,1,0.99786
17.06,1,0.99788
17.07,1,0.9979
17.08,1,0.99792
17.09,1,0.99794
17.1,1,0.99797
17.11,1,0.99799
17.12,1,0.99801
17.13,1,0.99803
17.14,1,0.99804
17.15,1,0.99806
17.16,1,0.99808
17.17,1,0.9981
17.18,1,0.99812
17.19,1,0.99814
17.2,1,0.99816
17.21,1,0.99818
17.22,1,0.9982
17.23,1,0.99821
17.24,1,0.99823
17.25,1,0.99825
17.26,1,0.99827
17.27,1,0.99828
17.28,1,0.9983
17.29,1,0.99832
17.3,1,0.99833
17.31,1,0.99835
17.32,1,0.99837
17.33,1,0.99838
17.34,1,0.9984
17.35,1,0.99842
17.36,1,0.99843
17.37,1,0.99845
17.38,1,0.99846
17.39,1,0.99848
17.4,1,0.99849
17.41,1,0.99851
17.42,1,0.99852
17.43,1,0.99854
17.44,1,0.99855
17.45,1,0.99857
17.46,1,0.99858
17.47,1,0.99859
17.48,1,0.99861
17.49,1,0.99862
17.5,1,0.99864
17.51,1,0.99865
17.52,1,0.99866
17.53,1,0.99868
17.54,1,0.99869
17.55,1,0.9987
17.56,1,0.99872
17.57,1,0.99873
17.58,1,0.99874
17.59,1,0.99875
17.6,1,0.99877
17.61,1,0.99878
17.62,1,0.99879
17.63,1,0.9988
17.64,1,0.99881
17.65,1,0.99883
17.66,1,0.99884
17.67,1,0.99885
17.68,1,0.99886
17.69,1,0.99887
17.7,1,0.99888
17.71,1,0.99889
17.72,1,0.99891
17.73,1,0.99892
17.74,1,0.99893
17.75,1,0.99894
17.76,1,0.99895
17.77,1,0.99896
17.78,1,0.99897
17.79,1,0.99898
17.8,1,0.99899
17.81,1,0.999
17.82,1,0.99901
17.83,1,0.99902
17.84,1,0.99903
17.85,1,0.99904
17.86,1,0.99905
17.87,1,0.99906
17.88,1,0.99907
17.89,1,0.99908
17.9,1,0.99909
17.91,1,0.99909
17.92,1,0.9991
17.93,1,0.99911
17.94,1,0.99912
17.95,1,0.99913
17.96,1,0.99914
17.97,1,0.99915
17.98,1,0.99916
17.99,1,0.99916
18,1,0.99917
18.01,1,0.99918
18.02,1,0.99919
18.03,1,0.9992
18.04,1,0.9992
18.05,1,0.99921
18.06,1,0.99922
18.07,1,0.99923
18.08,1,0.99924
18.09,1,0.99924
18.1,1,0.99925
18.11,1,0.99926
18.12,1,0.99927
18.13,1,0.99927
18.14,1,0.99928
18.15,1,0.99929
18.16,1,0.99929
18.17,1,0.9993
18.18,1,0.99931
18.19,1,0.99932
18.2,1,0.99932
18.21,1,0.99933
18.22,1,0.99934
18.23,1,0.99934
18.24,1,0.99935
18.25,1,0.99936
18.26,1,0.99936
18.27,1,0.99937
18.28,1,0.99937
18.29,1,0.99938
18.3,1,0.99939
18.31,1,0.99939
18.32,1,0.9994
18.33,1,0.99941
18.34,1,0.99941
18.35,1,0.99942
18.36,1,0.99942
18.37,1,0.99943
18.38,1,0.99943
18.39,1,0.99944
18.4,1,0.99945
18.41,1,0.99945
18.42,1,0.99946
18.43,1,0.99946
18.44,1,0.99947
18.45,1,0.99947
18.46,1,0.99948
18.47,1,0.99948
18.48,1,0.99949
18.49,1,0.99949
18.5,1,0.9995
18.51,1,0.9995
18.52,1,0.99951
18.53,1,0.99951
18.54,1,0.99952
18.55,1,0.99952
18.56,1,0.99953
18.57,1,0.99953
18.58,1,0.99954
18.59,1,0.99954
18.6,1,0.99955
18.61,1,0.99955
18.62,1,0.99955
18.63,1,0.99956
18.64,1,0.99956
18.65,1,0.99957
18.66,1,0.99957
18.67,1,0.99958
18.68,1,0.99958
18.69,1,0.99958
18.7,1,0.99959
18.71,1,0.99959
18.72,1,0.9996
18.73,1,0.9996
18.74,1,0.99961
18.75,1,0.99961
18.76,1,0.99961
18.77,1,0.99962
18.78,1,0.99962
18.79,1,0.99962
18.8,1,0.99963
18.81,1,0.99963
18.82,1,0.99964
18.83,1,0.99964
18.84,1,0.99964
18.85,1,0.99965
18.86,1,0.99965
18.87,1,0.99965
18.88,1,0.99966
18.89,1,0.99966
18.9,1,0.99966
18.91,1,0.99967
18.92,1,0.99967
18.93,1,0.99967
18.94,1,0.99968
18.95,1,0.99968
18.96,1,0.99968
18.97,1,0.99969
18.98,1,0.99969
18.99,1,0.99969
19,1,0.9997
19.01,1,0.9997
19.02,1,0.9997
19.03,1,0.9997
19.04,1,0.99971
19.05,1,0.99971
19.06,1,0.99971
19.07,1,0.99972
19.08,1,0.99972
19.09,1,0.99972
19.1,1,0.99972
19.11,1,0.99973
19.12,1,0.99973
19.13,1,0.99973
19.14,1,0.99974
19.15,1,0.99974
19.16,1,0.99974
19.17,1,0.99974
19.18,1,0.99975
19.19,1,0.99975
19.2,1,0.99975
19.21,1,0.99975
19.22,1,0.99976
19.23,1,0.99976
19.24,1,0.99976
19.25,1,0.99976
19.26,1,0.99977
19.27,1,0.99977
19.28,1,0.99977
19.29,1,0.99977
19.3,1,0.99977
19.31,1,0.99978
19.32,1,0.99978
19.33,1,0.99978
19.34,1,0.99978
19.35,1,0.99979
19.36,1,0.99979
19.37,1,0.99979
19.38,1,0.99979
19.39,1,0.99979
19.4,1,0.9998
19.41,1,0.9998
19.42,1,0.9998
19.43,1,0.9998
19.44,1,0.9998
19.45,1,0.99981
19.46,1,0.99981
19.47,1,0.99981
19.48,1,0.99981
19.49,1,0.99981
19.5,1,0.99982
19.51,1,0.99982
19.52,1,0.99982
19.53,1,0.99982
19.54,1,0.99982
19.55,1,0.99982
19.56,1,0.99983
19.57,1,0.99983
19.58,1,0.99983
19.59,1,0.99983
19.6,1,0.99983
19.61,1,0.99983
19.62,1,0.99984
19.63,1,0.99984
19.64,1,0.99984
19.65,1,0.99984
19.66,1,0.99984
19.67,1,0.99984
19.68,1,0.99985
19.69,1,0.99985
19.7,1,0.99985
19.71,1,0.99985
19.72,1,0.99985
19.73,1,0.99985
19.74,1,0.99985
19.75,1,0.99986
19.76,1,0.99986
19.77,1,0.99986
19.78,1,0.99986
19.79,1,0.99986
19.8,1,0.99986
19.81,1,0.99986
19.82,1,0.99987
19.83,1,0.99987
19.84,1,0.99987
19.85,1,0.99987
19.86,1,0.99987
19.87,1,0.99987
19.88,1,0.99987
19.89,1,0.99987
19.9,1,0.99988
19.91,1,0.99988
19.92,1,0.99988
19.93,1,0.99988
19.94,1,0.99988
19.95,1,0.99988
19.96,1,0.99988
19.97,1,0.99988
19.98,1,0.99989
19.99,1,0.99989
20,1,0.99989
20.01,1,0.99989
20.02,1,0.99989
20.03,1,0.99989
20.04,1,0.99989
20.05,1,0.99989
20.06,1,0.99989
20.07,1,0.9999
20.08,1,0.9999
20.09,1,0.9999
20.1,1,0.9999
20.11,1,0.9999
20.12,1,0.9999
20.13,1,0.9999
20.14,1,0.9999
20.15,1,0.9999
20.16,1,0.9999
20.17,1,0.99991
20.18,1,0.99991
20.19,1,0.99991
20.2,1,0.99991
20.21,1,0.99991
20.22,1,0.99991
20.23,1,0.99991
20.24,1,0.99991
20.25,1,0.99991
20.26,1,0.99991
20.27,1,0.99991
20.28,1,0.99992
20.29,1,0.99992
20.3,1,0.99992
20.31,1,0.99992
20.32,1,0.99992
20.33,1,0.99992
20.34,1,0.99992
20.35,1,0.99992
20.36,1,0.99992
20.37,1,0.99992
20.38,1,0.99992
20.39,1,0.99992
20.4,1,0.99992
20.41,1,0.99993
20.42,1,0.99993
20.43,1,0.99993
20.44,1,0.99993
20.45,1,0.99993
20.46,1,0.99993
20.47,1,0.99993
20.48,1,0.99993
20.49,1,0.99993
20.5,1,0.99993
20.51,1,0.99993
20.52,1,0.99993
20.53,1,0.99993
20.54,1,0.99993
20.55,1,0.99994
20.56,1,0.99994
20.57,1,0.99994
20.58,1,0.99994
20.59,1,0.99994
20.6,1,0.99994
20.61,1,0.99994
20.62,1,0.99994
20.63,1,0.99994
20.64,1,0.99994
20.65,1,0.99994
20.66,1,0.99994
20.67,1,0.99994
20.68,1,0.99994
20.69,1,0.99994
20.7,1,0.99994
20.71,1,0.99994
20.72,1,0.99995
20.73,1,0.99995
20.74,1,0.99995
20.75,1,0.99995
20.76,1,0.99995
20.77,1,0.99995
20.78,1,0.99995
20.79,1,0.99995
20.8,1,0.99995
20.81,1,0.99995
20.82,1,0.99995
20.83,1,0.99995
20.84,1,0.99995
20.85,1,0.99995
20.86,1,0.99995
20.87,1,0.99995
20.88,1,0.99995
20.89,1,0.99995
20.9,1,0.99995
20.91,1,0.99995
20.92,1,0.99996
20.93,1,0.99996
20.94,1,0.99996
20.95,1,0.99996
20.96,1,0.99996
20.97,1,0.99996
20.98,1,0.99996
20.99,1,0.99996
21,1,0.99996
21.01,1,0.99996
21.02,1,0.99996
21.03,1,0.99996
21.04,1,0.99996
21.05,1,0.99996
21.06,1,0.99996
21.07,1,0.99996
21.08,1,0.99996
21.09,1,0.99996
21.1,1,0.99996
21.11,1,0.99996
21.12,1,0.99996
21.13,1,0.99996
21.14,1,0.99996
21.15,1,0.99996
21.16,1,0.99996
21.17,1,0.99997
21.18,1,0.99997
21.19,1,0.99997
21.2,1,0.99997
21.21,1,0.99997
21.22,1,0.99997
21.23,1,0.99997
21.24,1,0.99997
21.25,1,0.99997
21.26,1,0.99997
21.27,1,0.99997
21.28,1,0.99997
21.29,1,0.99997
21.3,1,0.99997
21.31,1,0.99997
21.32,1,0.99997
21.33,1,0.99997
21.34,1,0.99997
21.35,1,0.99997
21.36,1,0.99997
21.37,1,0.99997
21.38,1,0.99997
21.39,1,0.99997
21.4,1,0.99997
21.41,1,0.99997
21.42,1,0.99997
21.43,1,0.99997
21.44,1,0.99997
21.45,1,0.99997
21.46,1,0.99997
21.47,1,0.99997
21.48,1,0.99997
21.49,1,0.99997
21.5,1,0.99998
21.51,1,0.99998
21.52,1,0.99998
21.53,1,0.99998
21.54,1,0.99998
21.55,1,0.99998
21.56,1,0.99998
21.57,1,0.99998
21.58,1,0.99998
21.59,1,0.99998
21.6,1,0.99998
21.61,1,0.99998
21.62,1,0.99998
21.63,1,0.99998
21.64,1,0.99998
21.65,1,0.99998
21.66,1,0.99998
21.67,1,0.99998
21.68,1,0.99998
21.69,1,0.99998
21.7,1,0.99998
21.71,1,0.99998
21.72,1,0.99998
21.73,1,0.99998
21.74,1,0.99998
21.75,1,0.99998
21.76,1,0.99998
21.77,1,0.99998
21.78,1,0.99998
21.79,1,0.99998
21.8,1,0.99998
21.81,1,0.99998
21.82,1,0.99998
21.83,1,0.99998
21.84,1,0.99998
21.85,1,0.99998
21.86,1,0.99998
21.87,1,0.99998
21.88,1,0.99998
21.89,1,0.99998
21.9,1,0.99998
21.91,1,0.99998
21.92,1,0.99998
21.93,1,0.99998
21.94,1,0.99998
21.95,1,0.99998
21.96,1,0.99998
21.97,1,0.99998
21.98,1,0.99998
21.99,1,0.99998
22,1,0.99998
22.01,1,0.99998
22.02,1,0.99999
22.03,1,0.99999
22.04,1,0.99999
22.05,1,0.99999
22.06,1,0.99999
22.07,1,0.99999
22.08,1,0.99999
22.09,1,0.99999
22.1,1,0.99999
22.11,1,0.99999
22.12,1,0.99999
22.13,1,0.99999
22.14,1,0.99999
22.15,1,0.99999
22.16,1,0.99999
22.17,1,0.99999
22.18,1,0.99999
22.19,1,0.99999
22.2,1,0.99999
22.21,1,0.99999
22.22,1,0.99999
22.23,1,0.99999
22.24,1,0.99999
22.25,1,0.99999
22.26,1,0.99999
22.27,1,0.99999
22.28,1,0.99999
22.29,1,0.99999
22.3,1,0.99999
22.31,1,0.99999
22.32,1,0.99999
22.33,1,0.99999
22.34,1,0.99999
22.35,1,0.99999
22.36,1,0.99999
22.37,1,0.99999
22.38,1,0.99999
22.39,1,0.99999
22.4,1,0.99999
22.41,1,0.99999
22.42,1,0.99999
22.43,1,0.99999
22.44,1,0.99999
22.45,1,0.99999
22.46,1,0.99999
22.47,1,0.99999
22.48,1,0.99999
22.49,1,0.99999
22.5,1,0.99999
22.51,1,0.99999
22.52,1,0.99999
22.53,1,0.99999
22.54,1,0.99999
22.55,1,0.99999
22.56,1,0.99999
22.57,1,0.99999
22.58,1,0.99999
22.59,1,0.99999
22.6,1,0.99999
22.61,1,0.99999
22.62,1,0.99999
22.63,1,0.99999
22.64,1,0.99999
22.65,1,0.99999
22.66,1,0.99999
22.67,1,0.99999
22.68,1,0.99999
22.69,1,0.99999
22.7,1,0.99999
22.71,1,0.99999
22.72,1,0.99999
22.73,1,0.99999
22.74,1,0.99999
22.75,1,0.99999
22.76,1,0.99999
22.77,1,0.99999
22.78,1,0.99999
22.79,1,0.99999
22.8,1,0.99999
22.81,1,0.99999
22.82,1,0.99999
22.83,1,0.99999
22.84,1,0.99999
22.85,1,0.99999
22.86,1,0.99999
22.87,1,0.99999
22.88,1,0.99999
22.89,1,0.99999
22.9,1,0.99999
22.91,1,0.99999
22.92,1,0.99999
22.93,1,0.99999
22.94,1,0.99999
22.95,1,0.99999
22.96,1,0.99999
22.97,1,0.99999
22.98,1,0.99999
22.99,1,0.99999
23,1,0.99999
23.01,1,0.99999
23.02,1,0.99999
23.03,1,0.99999
23.04,1,0.99999
23.05,1,0.99999
23.06,1,0.99999
23.07,1,0.99999
23.08,1,0.99999
23.09,1,0.99999
23.1,1,0.99999
23.11,1,1
23.12,1,1
23.13,1,1
23.14,1,1
23.15,1,1
23.16,1,1
23.17,1,1
23.18,1,1
23.19,1,1
23.2,1,1
23.21,1,1
23.22,1,1
23.23,1,1
23.24,1,1
23.25,1,1
23.26,1,1
23.27,1,1
23.28,1,1
23.29,1,1
23.3,1,1
23.31,1,1
23.32,1,1
23.33,1,1
23.34,1,1
23.35,1,1
23.36,1,1
23.37,1,1
23.38,1,1
23.39,1,1
23.4,1,1
23.41,1,1
23.42,1,1
23.43,1,1
23.44,1,1
23.45,1,1
23.46,1,1
23.47,1,1
23.48,1,1
23.49,1,1
23.5,1,1
23.51,1,1
23.52,1,1
23.53,1,1
23.54,1,1
23.55,1,1
23.56,1,1
23.57,1,1
23.58,1,1
23.59,1,1
23.6,1,1
23.61,1,1
23.62,1,1
23.63,1,1
23.64,1,1
23.65,1,1
23.66,1,1
23.67,1,1
23.68,1,1
23.69,1,1
23.7,1,1
23.71,1,1
23.72,1,1
23.73,1,1
23.74,1,1
23.75,1,1
23.76,1,1
23.77,1,1
23.78,1,1
23.79,1,1
23.8,1,1
23.81,1,1
23.82,1,1
23.83,1,1
23.84,1,1
23.85,1,1
23.86,1,1
23.87,1,1
23.88,1,1
23.89,1,1
23.9,1,1
23.91,1,1
23.92,1,1
23.93,1,1
23.94,1,1
23.95,1,1
23.96,1,1
23.97,1,1
23.98,1,1
23.99,1,1
24,1,1
24.01,1,1
24.02,1,1
24.03,1,1
24.04,1,1
24.05,1,1
24.06,1,1
24.07,1,1
24.08,1,1
24.09,1,1
24.1,1,1
24.11,1,1
24.12,1,1
24.13,1,1
24.14,1,1
24.15,1,1
24.16,1,1
24.17,1,1
24.18,1,1
24.19,1,1
24.2,1,1
24.21,1,1
24.22,1,1
24.23,1,1
24.24,1,1
24.25,1,1
24.26,1,1
24.27,1,1
24.28,1,1
24.29,1,1
24.3,1,1
24.31,1,1
24.32,1,1
24.33,1,1
24.34,1,1
24.35,1,1
24.36,1,1
24.37,1,1
24.38,1,1
24.39,1,1
24.4,1,1
24.41,1,1
24.42,1,1
24.43,1,1
24.44,1,1
24.45,1,1
24.46,1,1
24.47,1,1
24.48,1,1
24.49,1,1
24.5,1,1
24.51,1,1
24.52,1,1
24.53,1,1
24.54,1,1
24.55,1,1
24.56,1,1
24.57,1,1
24.58,1,1
24.59,1,1
24.6,1,1
24.61,1,1
24.62,1,1
24.63,1,1
24.64,1,1
24.65,1,1
24.66,1,1
24.67,1,1
24.68,1,1
24.69,1,1
24.7,1,1
24.71,1,1
24.72,1,1
24.73,1,1
24.74,1,1
24.75,1,1
24.76,1,1
24.77,1,1
24.78,1,1
24.79,1,1
24.8,1,1
24.81,1,1
24.82,1,1
24.83,1,1
24.84,1,1
24.85,1,1
24.86,1,1
24.87,1,1
24.88,1,1
24.89,1,1
24.9,1,1
24.91,1,1
24.92,1,1
24.93,1,1
24.94,1,1
24.95,1,1
24.96,1,1
24.97,1,1
24.98,1,1
24.99,1,1
25,1,1
25.01,1,1
25.02,1,1
25.03,1,1
25.04,1,1
25.05,1,1
25.06,1,1
25.07,1,1
25.08,1,1
25.09,1,1
25.1,1,1
25.11,1,1
25.12,1,1
25.13,1,1
25.14,1,1
25.15,1,1
25.16,1,1
25.17,1,1
25.18,1,1
25.19,1,1
25.2,1,1
25.21,1,1
25.22,1,1
25.23,1,1
25.24,1,1
25.25,1,1
25.26,1,1
25.27,1,1
25.28,1,1
25.29,1,1
25.3,1,1
25.31,1,1
25.32,1,1
25.33,1,1
25.34,1,1
25.35,1,1
25.36,1,1
25.37,1,1
25.38,1,1
25.39,1,1
25.4,1,1
25.41,1,1
25.42,1,1
25.43,1,1
25.44,1,1
25.45,1,1
25.46,1,1
25.47,1,1
25.48,1,1
25.49,1,1
25.5,1,1
25.51,1,1
25.52,1,1
25.53,1,1
25.54,1,1
25.55,1,1
25.56,1,1
25.57,1,1
25.58,1,1
25.59,1,1
25.6,1,1
25.61,1,1
25.62,1,1
25.63,1,1
25.64,1,1
25.65,1,1
25.66,1,1
25.67,1,1
25.68,1,1
25.69,1,1
25.7,1,1
25.71,1,1
25.72,1,1
25.73,1,1
25.74,1,1
25.75,1,1
25.76,1,1
25.77,1,1
25.78,1,1
25.79,1,1
25.8,1,1
25.81,1,1
25.82,1,1
25.83,1,1
25.84,1,1
25.85,1,1
25.86,1,1
25.87,1,1
25.88,1,1
25.89,1,1
25.9,1,1
25.91,1,1
25.92,1,1
25.93,1,1
25.94,1,1
25.95,1,1
25.96,1,1
25.97,1,1
25.98,1,1
25.99,1,1
26,1,1
26.01,1,1
26.02,1,1
26.03,1,1
26.04,1,1
26.05,1,1
26.06,1,1
26.07,1,1
26.08,1,1
26.09,1,1
26.1,1,1
26.11,1,1
26.12,1,1
26.13,1,1
26.14,1,1
26.15,1,1
26.16,1,1
26.17,1,1
26.18,1,1
26.19,1,1
26.2,1,1
26.21,1,1
26.22,1,1
26.23,1,1
26.24,1,1
26.25,1,1
26.26,1,1
26.27,1,1
26.28,1,1
26.29,1,1
26.3,1,1
26.31,1,1
26.32,1,1
26.33,1,1
26.34,1,1
26.35,1,1
26.36,1,1
26.37,1,1
26.38,1,1
26.39,1,1
26.4,1,1
26.41,1,1
26.42,1,1
26.43,1,1
26.44,1,1
26.45,1,1
26.46,1,1
26.47,1,1
26.48,1,1
26.49,1,1
26.5,1,1
26.51,1,1
26.52,1,1
26.53,1,1
26.54,1,1
26.55,1,1
26.56,1,1
26.57,1,1
26.58,1,1
26.59,1,1
26.6,1,1
26.61,1,1
26.62,1,1
26.63,1,1
26.64,1,1
26.65,1,1
26.66,1,1
26.67,1,1
26.68,1,1
26.69,1,1
26.7,1,1
26.71,1,1
26.72,1,1
26.73,1,1
26.74,1,1
26.75,1,1
26.76,1,1
26.77,1,1
26.78,1,1
26.79,1,1
26.8,1,1
26.81,1,1
26.82,1,1
26.83,1,1
26.84,1,1
26.85,1,1
26.86,1,1
26.87,1,1
26.88,1,1
26.89,1,1
26.9,1,1
26.91,1,1
26.92,1,1
26.93,1,1
26.94,1,1
26.95,1,1
26.96,1,1
26.97,1,1
26.98,1,1
26.99,1,1
27,1,1
27.01,1,1
27.02,1,1
27.03,1,1
27.04,1,1
27.05,1,1
27.06,1,1
27.07,1,1
27.08,1,1
27.09,1,1
27.1,1,1
27.11,1,1
27.12,1,1
27.13,1,1
27.14,1,1
27.15,1,1
27.16,1,1
27.17,1,1
27.18,1,1
27.19,1,1
27.2,1,1
27.21,1,1
27.22,1,1
27.23,1,1
27.24,1,1
27.25,1,1
27.26,1,1
27.27,1,1
27.28,1,1
27.29,1,1
27.3,1,1
27.31,1,1
27.32,1,1
27.33,1,1
27.34,1,1
27.35,1,1
27.36,1,1
27.37,1,1
27.38,1,1
27.39,1,1
27.4,1,1
27.41,1,1
27.42,1,1
27.43,1,1
27.44,1,1
27.45,1,1
27.46,1,1
27.47,1,1
27.48,1,1
27.49,1,1
27.5,1,1
27.51,1,1
27.52,1,1
27.53,1,1
27.54,1,1
27.55,1,1
27.56,1,1
27.57,1,1
27.58,1,1
27.59,1,1
27.6,1,1
27.61,1,1
27.62,1,1
27.63,1,1
27.64,1,1
27.65,1,1
27.66,1,1
27.67,1,1
27.68,1,1
27.69,1,1
27.7,1,1
27.71,1,1
27.72,1,1
27.73,1,1
27.74,1,1
27.75,1,1
27.76,1,1
27.77,1,1
27.78,1,1
27.79,1,1
27.8,1,1
27.81,1,1
27.82,1,1
27.83,1,1
27.84,1,1
27.85,1,1
27.86,1,1
27.87,1,1
27.88,1,1
27.89,1,1
27.9,1,1
27.91,1,1
27.92,1,1
27.93,1,1
27.94,1,1
27.95,1,1
27.96,1,1
27.97,1,1
27.98,1,1
27.99,1,1
28,1,1
28.01,1,1
28.02,1,1
28.03,1,1
28.04,1,1
28.05,1,1
28.06,1,1
28.07,1,1
28.08,1,1
28.09,1,1
28.1,1,1
28.11,1,1
28.12,1,1
28.13,1,1
28.14,1,1
28.15,1,1
28.16,1,1
28.17,1,1
28.18,1,1
28.19,1,1
28.2,1,1
28.21,1,1
28.22,1,1
28.23,1,1
28.24,1,1
28.25,1,1
28.26,1,1
28.27,1,1
28.28,1,1
28.29,1,1
28.3,1,1
28.31,1,1
28.32,1,1
28.33,1,1
28.34,1,1
28.35,1,1
28.36,1,1
28.37,1,1
28.38,1,1
28.39,1,1
28.4,1,1
28.41,1,1
28.42,1,1
28.43,1,1
28.44,1,1
28.45,1,1
28.46,1,1
28.47,1,1
28.48,1,1
28.49,1,1
28.5,1,1
28.51,1,1
28.52,1,1
28.53,1,1
28.54,1,1
28.55,1,1
28.56,1,1
28.57,1,1
28.58,1,1
28.59,1,1
28.6,1,1
28.61,1,1
28.62,1,1
28.63,1,1
28.64,1,1
28.65,1,1
28.66,1,1
28.67,1,1
28.68,1,1
28.69,1,1
28.7,1,1
28.71,1,1
28.72,1,1
28.73,1,1
28.74,1,1
28.75,1,1
28.76,1,1
28.77,1,1
28.78,1,1
28.79,1,1
28.8,1,1
28.81,1,1
28.82,1,1
28.83,1,1
28.84,1,1
28.85,1,1
28.86,1,1
28.87,1,1
28.88,1,1
28.89,1,1
28.9,1,1
28.91,1,1
28.92,1,1
28.93,1,1
28.94,1,1
28.95,1,1
28.96,1,1
28.97,1,1
28.98,1,1
28.99,1,1
29,1,1
29.01,1,1
29.02,1,1
29.03,1,1
29.04,1,1
29.05,1,1
29.06,1,1
29.07,1,1
29.08,1,1
29.09,1,1
29.1,1,1
29.11,1,1
29.12,1,1
29.13,1,1
29.14,1,1
29.15,1,1
29.16,1,1
29.17,1,1
29.18,1,1
29.19,1,1
29.2,1,1
29.21,1,1
29.22,1,1
29.23,1,1
29.24,1,1
29.25,1,1
29.26,1,1
29.27,1,1
29.28,1,1
29.29,1,1
29.3,1,1
29.31,1,1
29.32,1,1
29.33,1,1
29.34,1,1
29.35,1,1
29.36,1,1
29.37,1,1
29.38,1,1
29.39,1,1
29.4,1,1
29.41,1,1
29.42,1,1
29.43,1,1
29.44,1,1
29.45,1,1
29.46,1,1
29.47,1,1
29.48,1,1
29.49,1,1
29.5,1,1
29.51,1,1
29.52,1,1
29.53,1,1
29.54,1,1
29.55,1,1
29.56,1,1
29.57,1,1
29.58,1,1
29.59,1,1
29.6,1,1
29.61,1,1
29.62,1,1
29.63,1,1
29.64,1,1
29.65,1,1
29.66,1,1
29.67,1,1
29.68,1,1
29.69,1,1
29.7,1,1
29.71,1,1
29.72,1,1
29.73,1,1
29.74,1,1
29.75,1,1
29.76,1,1
29.77,1,1
29.78,1,1
29.79,1,1
29.8,1,1
29.81,1,1
29.82,1,1
29.83,1,1
29.84,1,1
29.85,1,1
29.86,1,1
29.87,1,1
29.88,1,1
29.89,1,1
29.9,1,1
29.91,1,1
29.92,1,1
29.93,1,1
29.94,1,1
29.95,1,1
29.96,1,1
29.97,1,1
29.98,1,1
29.99,1,1
30,1,1
30.01,1,1
30.02,1,1
30.03,1,1
30.04,1,1
30.05,1,1
30.06,1,1
30.07,1,1
30.08,1,1
30.09,1,1
30.1,1,1
30.11,1,1
30.12,1,1
30.13,1,1
30.14,1,1
30.15,1,1
30.16,1,1
30.17,1,1
30.18,1,1
30.19,1,1
30.2,1,1
30.21,1,1
30.22,1,1
30.23,1,1
30.24,1,1
30.25,1,1
30.26,1,1
30.27,1,1
30.28,1,1
30.29,1,1
30.3,1,1
30.31,1,1
30.32,1,1
30.33,1,1
30.34,1,1
30.35,1,1
30.36,1,1
30.37,1,1
30.38,1,1
30.39,1,1
30.4,1,1
30.41,1,1
30.42,1,1
30.43,1,1
30.44,1,1
30.45,1,1
30.46,1,1
30.47,1,1
30.48,1,1
30.49,1,1
30.5,1,1
30.51,1,1
30.52,1,1
30.53,1,1
30.54,1,1
30.55,1,1
30.56,1,1
30.57,1,1
30.58,1,1
30.59,1,1
30.6,1,1
30.61,1,1
30.62,1,1
30.63,1,1
30.64,1,1
30.65,1,1
30.66,1,1
30.67,1,1
30.68,1,1
30.69,1,1
30.7,1,1
30.71,1,1
30.72,1,1
30.73,1,1
30.74,1,1
30.75,1,1
30.76,1,1
30.77,1,1
30.78,1,1
30.79,1,1
30.8,1,1
30.81,1,1
30.82,1,1
30.83,1,1
30.84,1,1
30.85,1,1
30.86,1,1
30.87,1,1
30.88,1,1
30.89,1,1
30.9,1,1
30.91,1,1
30.92,1,1
30.93,1,1
30.94,1,1
30.95,1,1
30.96,1,1
30.97,1,1
30.98,1,1
30.99,1,1
31,1,1
31.01,1,1
31.02,1,1
31.03,1,1
31.04,1,1
31.05,1,1
31.06,1,1
31.07,1,1
31.08,1,1
31.09,1,1
31.1,1,1
31.11,1,1
31.12,1,1
31.13,1,1
31.14,1,1
31.15,1,1
31.16,1,1
31.17,1,1
31.18,1,1
31.19,1,1
31.2,1,1
31.21,1,1
31.22,1,1
31.23,1,1
31.24,1,1
31.25,1,1
31.26,1,1
31.27,1,1
31.28,1,1
31.29,1,1
31.3,1,1
31.31,1,1
31.32,1,1
31.33,1,1
31.34,1,1
31.35,1,1
31.36,1,1
31.37,1,1
31.38,1,1
31.39,1,1
31.4,1,1
31.41,1,1
31.42,1,1
31.43,1,1
31.44,1,1
31.45,1,1
31.46,1,1
31.47,1,1
31.48,1,1
31.49,1,1
31.5,1,1
31.51,1,1
31.52,1,1
31.53,1,1
31.54,1,1
31.55,1,1
31.56,1,1
31.57,1,1
31.58,1,1
31.59,1,1
31.6,1,1
31.61,1,1
31.62,1,1
31.63,1,1
31.64,1,1
31.65,1,1
31.66,1,1
31.67,1,1
31.68,1,1
31.69,1,1
31.7,1,1
31.71,1,1
31.72,1,1
31.73,1,1
31.74,1,1
31.75,1,1
31.76,1,1
31.77,1,1
31.78,1,1
31.79,1,1
31.8,1,1
31.81,1,1
31.82,1,1
31.83,1,1
31.84,1,1
31.85,1,1
31.86,1,1
31.87,1,1
31.88,1,1
31.89,1,1
31.9,1,1
31.91,1,1
31.92,1,1
31.93,1,1
31.94,1,1
31.95,1,1
31.96,1,1
31.97,1,1
31.98,1,1
31.99,1,1
32,1,1
32.01,1,1
32.02,1,1
32.03,1,1
32.04,1,1
32.05,1,1
32.06,1,1
32.07,1,1
32.08,1,1
32.09,1,1
32.1,1,1
32.11,1,1
32.12,1,1
32.13,1,1
32.14,1,1
32.15,1,1
32.16,1,1
32.17,1,1
32.18,1,1
32.19,1,1
32.2,1,1
32.21,1,1
32.22,1,1
32.23,1,1
32.24,1,1
32.25,1,1
32.26,1,1
32.27,1,1
32.28,1,1
32.29,1,1
32.3,1,1
32.31,1,1
32.32,1,1
32.33,1,1
32.34,1,1
32.35,1,1
32.36,1,1
32.37,1,1
32.38,1,1
32.39,1,1
32.4,1,1
32.41,1,1
32.42,1,1
32.43,1,1
32.44,1,1
32.45,1,1
32.46,1,1
32.47,1,1
32.48,1,1
32.49,1,1
32.5,1,1
32.51,1,1
32.52,1,1
32.53,1,1
32.54,1,1
32.55,1,1
32.56,1,1
32.57,1,1
32.58,1,1
32.59,1,1
32.6,1,1
32.61,1,1
32.62,1,1
32.63,1,1
32.64,1,1
32.65,1,1
32.66,1,1
32.67,1,1
32.68,1,1
32.69,1,1
32.7,1,1
32.71,1,1
32.72,1,1
32.73,1,1
32.74,1,1
32.75,1,1
32.76,1,1
32.77,1,1
32.78,1,1
32.79,1,1
32.8,1,1
32.81,1,1
32.82,1,1
32.83,1,1
32.84,1,1
32.85,1,1
32.86,1,1
32.87,1,1
32.88,1,1
32.89,1,1
32.9,1,1
32.91,1,1
32.92,1,1
32.93,1,1
32.94,1,1
32.95,1,1
32.96,1,1
32.97,1,1
32.98,1,1
32.99,1,1
33,1,1
33.01,1,1
33.02,1,1
33.03,1,1
33.04,1,1
33.05,1,1
33.06,1,1
33.07,1,1
33.08,1,1
33.09,1,1
33.1,1,1
33.11,1,1
33.12,1,1
33.13,1,1
33.14,1,1
33.15,1,1
33.16,1,1
33.17,1,1
33.18,1,1
33.19,1,1
33.2,1,1
33.21,1,1
33.22,1,1
33.23,1,1
33.24,1,1
33.25,1,1
33.26,1,1
33.27,1,1
33.28,1,1
33.29,1,1
33.3,1,1
33.31,1,1
33.32,1,1
33.33,1,1
33.34,1,1
33.35,1,1
33.36,1,1
33.37,1,1
33.38,1,1
33.39,1,1
33.4,1,1
33.41,1,1
33.42,1,1
33.43,1,1
33.44,1,1
33.45,1,1
33.46,1,1
33.47,1,1
33.48,1,1
33.49,1,1
33.5,1,1
33.51,1,1
33.52,1,1
33.53,1,1
33.54,1,1
33.55,1,1
33.56,1,1
33.57,1,1
33.58,1,1
33.59,1,1
33.6,1,1
33.61,1,1
33.62,1,1
33.63,1,1
33.64,1,1
33.65,1,1
33.66,1,1
33.67,1,1
33.68,1,1
33.69,1,1
33.7,1,1
33.71,1,1
33.72,1,1
33.73,1,1
33.74,1,1
33.75,1,1
33.76,1,1
33.77,1,1
33.78,1,1
33.79,1,1
33.8,1,1
33.81,1,1
33.82,1,1
33.83,1,1
33.84,1,1
33.85,1,1
33.86,1,1
33.87,1,1
33.88,1,1
33.89,1,1
33.9,1,1
33.91,1,1
33.92,1,1
33.93,1,1
33.94,1,1
33.95,1,1
33.96,1,1
33.97,1,1
33.98,1,1
33.99,1,1
34,1,1
34.01,1,1
34.02,1,1
34.03,1,1
34.04,1,1
34.05,1,1
34.06,1,1
34.07,1,1
34.08,1,1
34.09,1,1
34.1,1,1
34.11,1,1
34.12,1,1
34.13,1,1
34.14,1,1
34.15,1,1
34.16,1,1
34.17,1,1
34.18,1,1
34.19,1,1
34.2,1,1
34.21,1,1
34.22,1,1
34.23,1,1
34.24,1,1
34.25,1,1
34.26,1,1
34.27,1,1
34.28,1,1
34.29,1,1
34.3,1,1
34.31,1,1
34.32,1,1
34.33,1,1
34.34,1,1
34.35,1,1
34.36,1,1
34.37,1,1
34.38,1,1
34.39,1,1
34.4,1,1
34.41,1,1
34.42,1,1
34.43,1,1
34.44,1,1
34.45,1,1
34.46,1,1
34.47,1,1
34.48,1,1
34.49,1,1
34.5,1,1
34.51,1,1
34.52,1,1
34.53,1,1
34.54,1,1
34.55,1,1
34.56,1,1
34.57,1,1
34.58,1,1
34.59,1,1
34.6,1,1
34.61,1,1
34.62,1,1
34.63,1,1
34.64,1,1
34.65,1,1
34.66,1,1
34.67,1,1
34.68,1,1
34.69,1,1
34.7,1,1
34.71,1,1
34.72,1,1
34.73,1,1
34.74,1,1
34.75,1,1
34.76,1,1
34.77,1,1
34.78,1,1
34.79,1,1
34.8,1,1
34.81,1,1
34.82,1,1
34.83,1,1
34.84,1,1
34.85,1,1
34.86,1,1
34.87,1,1
34.88,1,1
34.89,1,1
34.9,1,1
34.91,1,1
34.92,1,1
34.93,1,1
34.94,1,1
34.95,1,1
34.96,1,1
34.97,1,1
34.98,1,1
34.99,1,1
35,1,1
35.01,1,1
35.02,1,1
35.03,1,1
35.04,1,1
35.05,1,1
35.06,1,1
35.07,1,1
35.08,1,1
35.09,1,1
35.1,1,1
35.11,1,1
35.12,1,1
35.13,1,1
35.14,1,1
35.15,1,1
35.16,1,1
35.17,1,1
35.18,1,1
35.19,1,1
35.2,1,1
35.21,1,1
35.22,1,1
35.23,1,1
35.24,1,1
35.25,1,1
35.26,1,1
35.27,1,1
35.28,1,1
35.29,1,1
35.3,1,1
35.31,1,1
35.32,1,1
35.33,1,1
35.34,1,1
35.35,1,1
35.36,1,1
35.37,1,1
35.38,1,1
35.39,1,1
35.4,1,1
35.41,1,1
35.42,1,1
35.43,1,1
35.44,1,1
35.45,1,1
35.46,1,1
35.47,1,1
35.48,1,1
35.49,1,1
35.5,1,1
35.51,1,1
35.52,1,1
35.53,1,1
35.54,1,1
35.55,1,1
35.56,1,1
35.57,1,1
35.58,1,1
35.59,1,1
35.6,1,1
35.61,1,1
35.62,1,1
35.63,1,1
35.64,1,1
35.65,1,1
35.66,1,1
35.67,1,1
35.68,1,1
35.69,1,1
35.7,1,1
35.71,1,1
35.72,1,1
35.73,1,1
35.74,1,1
35.75,1,1
35.76,1,1
35.77,1,1
35.78,1,1
35.79,1,1
35.8,1,1
35.81,1,1
35.82,1,1
35.83,1,1
35.84,1,1
35.85,1,1
35.86,1,1
35.87,1,1
35.88,1,1
35.89,1,1
35.9,1,1
35.91,1,1
35.92,1,1
35.93,1,1
35.94,1,1
35.95,1,1
35.96,1,1
35.97,1,1
35.98,1,1
35.99,1,1
36,1,1
36.01,1,1
36.02,1,1
36.03,1,1
36.04,1,1
36.05,1,1
36.06,1,1
36.07,1,1
36.08,1,1
36.09,1,1
36.1,1,1
36.11,1,1
36.12,1,1
36.13,1,1
36.14,1,1
36.15,1,1
36.16,1,1
36.17,1,1
36.18,1,1
36.19,1,1
36.2,1,1
36.21,1,1
36.22,1,1
36.23,1,1
36.24,1,1
36.25,1,1
36.26,1,1
36.27,1,1
36.28,1,1
36.29,1,1
36.3,1,1
36.31,1,1
36.32,1,1
36.33,1,1
36.34,1,1
36.35,1,1
36.36,1,1
36.37,1,1
36.38,1,1
36.39,1,1
36.4,1,1
36.41,1,1
36.42,1,1
36.43,1,1
36.44,1,1
36.45,1,1
36.46,1,1
36.47,1,1
36.48,1,1
36.49,1,1
36.5,1,1
36.51,1,1
36.52,1,1
36.53,1,1
36.54,1,1
36.55,1,1
36.56,1,1
36.57,1,1
36.58,1,1
36.59,1,1
36.6,1,1
36.61,1,1
36.62,1,1
36.63,1,1
36.64,1,1
36.65,1,1
36.66,1,1
36.67,1,1
36.68,1,1
36.69,1,1
36.7,1,1
36.71,1,1
36.72,1,1
36.73,1,1
36.74,1,1
36.75,1,1
36.76,1,1
36.77,1,1
36.78,1,1
36.79,1,1
36.8,1,1
36.81,1,1
36.82,1,1
36.83,1,1
36.84,1,1
36.85,1,1
36.86,1,1
36.87,1,1
36.88,1,1
36.89,1,1
36.9,1,1
36.91,1,1
36.92,1,1
36.93,1,1
36.94,1,1
36.95,1,1
36.96,1,1
36.97,1,1
36.98,1,1
36.99,1,1
37,1,1
37.01,1,1
37.02,1,1
37.03,1,1
37.04,1,1
37.05,1,1
37.06,1,1
37.07,1,1
37.08,1,1
37.09,1,1
37.1,1,1
37.11,1,1
37.12,1,1
37.13,1,1
37.14,1,1
37.15,1,1
37.16,1,1
37.17,1,1
37.18,1,1
37.19,1,1
37.2,1,1
37.21,1,1
37.22,1,1
37.23,1,1
37.24,1,1
37.25,1,1
37.26,1,1
37.27,1,1
37.28,1,1
37.29,1,1
37.3,1,1
37.31,1,1
37.32,1,1
37.33,1,1
37.34,1,1
37.35,1,1
37.36,1,1
37.37,1,1
37.38,1,1
37.39,1,1
37.4,1,1
37.41,1,1
37.42,1,1
37.43,1,1
37.44,1,1
37.45,1,1
37.46,1,1
37.47,1,1
37.48,1,1
37.49,1,1
37.5,1,1
37.51,1,1
37.52,1,1
37.53,1,1
37.54,1,1
37.55,1,1
37.56,1,1
37.57,1,1
37.58,1,1
37.59,1,1
37.6,1,1
37.61,1,1
37.62,1,1
37.63,1,1
37.64,1,1
37.65,1,1
37.66,1,1
37.67,1,1
37.68,1,1
37.69,1,1
37.7,1,1
37.71,1,1
37.72,1,1
37.73,1,1
37.74,1,1
37.75,1,1
37.76,1,1
37.77,1,1
37.78,1,1
37.79,1,1
37.8,1,1
37.81,1,1
37.82,1,1
37.83,1,1
37.84,1,1
37.85,1,1
37.86,1,1
37.87,1,1
37.88,1,1
37.89,1,1
37.9,1,1
37.91,1,1
37.92,1,1
37.93,1,1
37.94,1,1
37.95,1,1
37.96,1,1
37.97,1,1
37.98,1,1
37.99,1,1
38,1,1
38.01,1,1
38.02,1,1
38.03,1,1
38.04,1,1
38.05,1,1
38.06,1,1
38.07,1,1
38.08,1,1
38.09,1,1
38.1,1,1
38.11,1,1
38.12,1,1
38.13,1,1
38.14,1,1
38.15,1,1
38.16,1,1
38.17,1,1
38.18,1,1
38.19,1,1
38.2,1,1
38.21,1,1
38.22,1,1
38.23,1,1
38.24,1,1
38.25,1,1
38.26,1,1
38.27,1,1
38.28,1,1
38.29,1,1
38.3,1,1
38.31,1,1
38.32,1,1
38.33,1,1
38.34,1,1
38.35,1,1
38.36,1,1
38.37,1,1
38.38,1,1
38.39,1,1
38.4,1,1
38.41,1,1
38.42,1,1
38.43,1,1
38.44,1,1
38.45,1,1
38.46,1,1
38.47,1,1
38.48,1,1
38.49,1,1
38.5,1,1
38.51,1,1
38.52,1,1
38.53,1,1
38.54,1,1
38.55,1,1
38.56,1,1
38.57,1,1
38.58,1,1
38.59,1,1
38.6,1,1
38.61,1,1
38.62,1,1
38.63,1,1
38.64,1,1
38.65,1,1
38.66,1,1
38.67,1,1
38.68,1,1
38.69,1,1
38.7,1,1
38.71,1,1
38.72,1,1
38.73,1,1
38.74,1,1
38.75,1,1
38.76,1,1
38.77,1,1
38.78,1,1
38.79,1,1
38.8,1,1
38.81,1,1
38.82,1,1
38.83,1,1
38.84,1,1
38.85,1,1
38.86,1,1
38.87,1,1
38.88,1,1
38.89,1,1
38.9,1,1
38.91,1,1
38.92,1,1
38.93,1,1
38.94,1,1
38.95,1,1
38.96,1,1
38.97,1,1
38.98,1,1
38.99,1,1
39,1,1
39.01,1,1
39.02,1,1
39.03,1,1
39.04,1,1
39.05,1,1
39.06,1,1
39.07,1,1
39.08,1,1
39.09,1,1
39.1,1,1
39.11,1,1
39.12,1,1
39.13,1,1
39.14,1,1
39.15,1,1
39.16,1,1
39.17,1,1
39.18,1,1
39.19,1,1
39.2,1,1
39.21,1,1
39.22,1,1
39.23,1,1
39.24,1,1
39.25,1,1
39.26,1,1
39.27,1,1
39.28,1,1
39.29,1,1
39.3,1,1
39.31,1,1
39.32,1,1
39.33,1,1
39.34,1,1
39.35,1,1
39.36,1,1
39.37,1,1
39.38,1,1
39.39,1,1
39.4,1,1
39.41,1,1
39.42,1,1
39.43,1,1
39.44,1,1
39.45,1,1
39.46,1,1
39.47,1,1
39.48,1,1
39.49,1,1
39.5,1,1
39.51,1,1
39.52,1,1
39.53,1,1
39.54,1,1
39.55,1,1
39.56,1,1
39.57,1,1
39.58,1,1
39.59,1,1
39.6,1,1
39.61,1,1
39.62,1,1
39.63,1,1
39.64,1,1
39.65,1,1
39.66,1,1
39.67,1,1
39.68,1,1
39.69,1,1
39.7,1,1
39.71,1,1
39.72,1,1
39.73,1,1
39.74,1,1
39.75,1,1
39.76,1,1
39.77,1,1
39.78,1,1
39.79,1,1
39.8,1,1
39.81,1,1
39.82,1,1
39.83,1,1
39.84,1,1
39.85,1,1
39.86,1,1
39.87,1,1
39.88,1,1
39.89,1,1
39.9,1,1
39.91,1,1
39.92,1,1
39.93,1,1
39.94,1,1
39.95,1,1
39.96,1,1
39.97,1,1
39.98,1,1
39.99,1,1
40,1,1
