a,t0,Kp,Ti,Td,beta,Jdi,Jdo,Jr,JdiNorm,JdoNorm,JrNorm,Ms
0.3,0.6,1.5242,1.164,0.30409,0.66587,0.79604,1.2147,1.5179,0,0.83237,1,1.9999
0.3,0.6,1.5247,1.1713,0.30275,0.61815,0.79607,1.2114,1.5152,8.2146e-05,0.81077,0.98662,2
0.3,0.6,1.5252,1.1775,0.30205,0.60458,0.79634,1.2081,1.5126,0.00072214,0.78987,0.97386,2
0.3,0.6,1.5256,1.1823,0.30214,0.59986,0.79688,1.205,1.5102,0.0019716,0.76976,0.96176,2
0.3,0.6,1.5261,1.1847,0.30363,0.60661,0.79772,1.202,1.5079,0.0039377,0.75055,0.95045,2
0.3,0.6,1.5264,1.1862,0.30552,0.61825,0.79883,1.1991,1.5058,0.0065296,0.73215,0.93984,2
0.3,0.6,1.5265,1.1875,0.30747,0.63431,0.80011,1.1964,1.5037,0.0095029,0.71422,0.92962,2
0.3,0.6,1.5266,1.189,0.30921,0.66148,0.80149,1.1936,1.5017,0.012733,0.69663,0.9197,2
0.3,0.6,1.5267,1.192,0.30998,0.66884,0.80296,1.1909,1.4997,0.016153,0.67928,0.90998,2
0.3,0.6,1.5268,1.1951,0.31068,0.67077,0.80449,1.1883,1.4978,0.019725,0.66212,0.90043,2
0.3,0.6,1.5269,1.1981,0.31136,0.6727,0.80607,1.1856,1.4959,0.023406,0.6451,0.891,2
0.3,0.6,1.527,1.2011,0.31204,0.67462,0.80769,1.183,1.494,0.027172,0.62819,0.88166,2
0.3,0.6,1.527,1.2041,0.3127,0.67019,0.80933,1.1804,1.4921,0.031004,0.61136,0.8724,2
0.3,0.6,1.5268,1.207,0.31339,0.67221,0.81105,1.1778,1.4904,0.035026,0.59477,0.86365,1.9998
0.3,0.6,1.527,1.2101,0.31402,0.6741,0.81268,1.1752,1.4884,0.038815,0.57789,0.85403,2
0.3,0.6,1.5269,1.213,0.31466,0.67605,0.81438,1.1726,1.4866,0.042779,0.56123,0.84493,2
0.3,0.6,1.5268,1.216,0.31533,0.67805,0.81612,1.17,1.4847,0.046836,0.54469,0.8359,2
0.3,0.6,1.5267,1.219,0.31605,0.67397,0.8179,1.1675,1.4829,0.050992,0.52827,0.82698,2
0.3,0.6,1.5265,1.222,0.3168,0.67607,0.81973,1.1649,1.4812,0.055256,0.51199,0.81825,2
0.3,0.6,1.5263,1.2249,0.31758,0.67819,0.82157,1.1624,1.4794,0.059566,0.49577,0.80951,2
0.3,0.6,1.5261,1.2279,0.31838,0.68034,0.82345,1.1599,1.4777,0.063944,0.47964,0.80085,2
0.3,0.6,1.5257,1.2308,0.3192,0.68258,0.8254,1.1574,1.476,0.068498,0.46375,0.79265,1.9998
0.3,0.6,1.5255,1.2339,0.32006,0.6789,0.8273,1.1549,1.4742,0.072919,0.44765,0.78369,2
0.3,0.6,1.525,1.2368,0.32094,0.68126,0.82932,1.1525,1.4726,0.077645,0.43198,0.77574,1.9998
0.3,0.6,1.5246,1.2398,0.32184,0.6836,0.83134,1.1501,1.4709,0.082337,0.41625,0.76742,1.9998
0.3,0.6,1.5243,1.2429,0.32278,0.68594,0.83335,1.1476,1.4692,0.087022,0.40049,0.75882,2
0.3,0.6,1.5238,1.246,0.32373,0.68836,0.83542,1.1452,1.4675,0.091872,0.38495,0.75061,2
0.3,0.6,1.5232,1.2491,0.32468,0.69087,0.83757,1.1428,1.4659,0.096868,0.36961,0.74269,2
0.3,0.6,1.5227,1.2523,0.32567,0.68786,0.83973,1.1404,1.4643,0.10192,0.35434,0.73471,2
0.3,0.6,1.5219,1.2554,0.32666,0.69056,0.842,1.1381,1.4628,0.1072,0.33939,0.72737,1.9998
0.3,0.6,1.5212,1.2586,0.32771,0.69325,0.84426,1.1358,1.4612,0.11248,0.3244,0.71969,1.9998
0.3,0.6,1.5206,1.2619,0.32882,0.69595,0.84652,1.1335,1.4596,0.11776,0.30938,0.71166,2
0.3,0.6,1.5198,1.2651,0.32994,0.69349,0.84889,1.1312,1.4581,0.12328,0.29471,0.70432,2
0.3,0.6,1.5187,1.2682,0.33108,0.69645,0.85134,1.1289,1.4567,0.12898,0.28031,0.69739,1.9997
0.3,0.6,1.5177,1.2715,0.3323,0.69945,0.8538,1.1267,1.4553,0.13474,0.26594,0.69024,1.9997
0.3,0.6,1.5169,1.2749,0.33361,0.69753,0.85629,1.1245,1.4538,0.14055,0.25157,0.68278,2
0.3,0.6,1.5148,1.2777,0.33469,0.70087,0.85911,1.1225,1.4529,0.1471,0.23856,0.67835,1.9986
0.3,0.6,1.5144,1.2814,0.33635,0.70398,0.8616,1.1202,1.4511,0.15292,0.22392,0.66949,1.9999
0.3,0.6,1.5131,1.2847,0.33783,0.70741,0.86435,1.1181,1.4498,0.15934,0.21037,0.66299,2
0.3,0.6,1.5114,1.288,0.33927,0.70615,0.86722,1.116,1.4486,0.16604,0.19728,0.65725,1.9997
0.3,0.6,1.51,1.2914,0.3409,0.70979,0.8701,1.114,1.4473,0.17276,0.18406,0.65084,1.9999
0.3,0.6,1.5083,1.2947,0.34253,0.70894,0.8731,1.112,1.4461,0.17975,0.17125,0.64504,1.9999
0.3,0.6,1.5063,1.298,0.34414,0.7129,0.87621,1.1101,1.4451,0.187,0.15888,0.63985,1.9996
0.3,0.6,1.5045,1.3015,0.34598,0.71695,0.87936,1.1081,1.4439,0.19436,0.14645,0.63413,1.9999
0.3,0.6,1.5023,1.3048,0.3477,0.71675,0.88268,1.1063,1.443,0.20209,0.13468,0.62947,1.9995
0.3,0.6,1.5002,1.3084,0.34971,0.72114,0.88606,1.1045,1.442,0.20997,0.12292,0.62433,1.9999
0.3,0.6,1.5006,1.3162,0.36017,0.72661,0.89209,1.1005,1.4397,0.22403,0.097567,0.61318,1.9982
0.3,0.6,1.4977,1.3199,0.36301,0.73221,0.89625,1.0991,1.4391,0.23374,0.088047,0.60993,1.9997
0.3,0.6,1.4921,1.3225,0.36199,0.73289,0.90054,1.0978,1.4389,0.24374,0.07992,0.60931,1.9907
0.3,0.6,1.4883,1.3264,0.36382,0.73866,0.90514,1.0964,1.4382,0.25447,0.071065,0.60581,1.9892
0.3,0.6,1.4835,1.3297,0.36435,0.7402,0.90973,1.0952,1.4379,0.26517,0.062986,0.60408,1.9841
0.3,0.6,1.4779,1.3327,0.3634,0.74313,0.91442,1.094,1.4376,0.27613,0.055237,0.60263,1.9753
0.3,0.6,1.4729,1.3359,0.36387,0.7469,0.91925,1.0928,1.4373,0.28739,0.047853,0.60149,1.9698
0.3,0.6,1.4678,1.339,0.36433,0.74878,0.9241,1.0917,1.4372,0.2987,0.040825,0.60092,1.9643
0.3,0.6,1.4618,1.3419,0.36326,0.75388,0.92919,1.0907,1.4371,0.31057,0.034171,0.60036,1.9549
0.3,0.6,1.4564,1.345,0.36361,0.75611,0.93441,1.0897,1.4371,0.32274,0.027994,0.60028,1.9487
0.3,0.6,1.4507,1.3482,0.36388,0.76196,0.93986,1.0888,1.4371,0.33547,0.022264,0.60037,1.9422
0.3,0.6,1.4449,1.3513,0.36412,0.76451,0.9454,1.088,1.4373,0.34839,0.017035,0.60111,1.9354
0.3,0.6,1.4385,1.3534,0.36306,0.76613,0.95057,1.0873,1.4378,0.36044,0.012614,0.60388,1.9257
0.3,0.6,1.4318,1.3568,0.36281,0.77261,0.95692,1.0867,1.4379,0.37524,0.0082571,0.6043,1.9365
0.3,0.6,1.4252,1.3597,0.36272,0.7757,0.96305,1.0861,1.4384,0.38954,0.0048506,0.60661,1.9284
0.3,0.6,1.4183,1.3628,0.36281,0.78244,0.96962,1.0857,1.4389,0.40487,0.0022002,0.60926,1.9203
0.3,0.6,1.4103,1.3652,0.36119,0.78223,0.97617,1.0855,1.4398,0.42014,0.00057497,0.61343,1.9085
0.3,0.6,1.4021,1.3681,0.36068,0.78944,0.98355,1.0854,1.4406,0.43736,0,0.61773,1.8983
0.3,0.6,1.5245,1.1727,0.30112,0.66948,0.79607,1.212,1.5112,8.7676e-05,0.81515,0.96696,2
0.3,0.6,1.5251,1.1767,0.30189,0.66471,0.79628,1.2088,1.5086,0.00057858,0.79407,0.95403,2
0.3,0.6,1.5256,1.1814,0.30206,0.64215,0.79675,1.2056,1.5061,0.0016623,0.77376,0.9417,2
0.3,0.6,1.526,1.1842,0.30334,0.66058,0.79753,1.2026,1.5038,0.0034824,0.75437,0.93023,2
0.3,0.6,1.5263,1.1874,0.30417,0.6708,0.79864,1.1997,1.5017,0.0060672,0.73594,0.91977,1.9999
0.3,0.6,1.5267,1.1907,0.30488,0.67264,0.79989,1.1969,1.4996,0.0089859,0.71796,0.90933,2
0.3,0.6,1.5269,1.1938,0.30562,0.66785,0.80131,1.1942,1.4976,0.012308,0.70049,0.89951,2
0.3,0.6,1.5271,1.1968,0.30635,0.66972,0.80283,1.1916,1.4957,0.015853,0.68329,0.88999,2
0.3,0.6,1.5273,1.1999,0.30706,0.67156,0.80439,1.1889,1.4937,0.019479,0.6662,0.88044,2
0.3,0.6,1.5275,1.2029,0.30778,0.67341,0.806,1.1863,1.4919,0.02325,0.6493,0.87111,2
0.3,0.6,1.5276,1.2059,0.30851,0.67529,0.80767,1.1837,1.49,0.027126,0.63252,0.86189,2
0.3,0.6,1.5276,1.2087,0.30928,0.67088,0.80941,1.1811,1.4882,0.031204,0.61601,0.85322,1.9998
0.3,0.6,1.5276,1.2117,0.31004,0.67281,0.81114,1.1785,1.4864,0.035228,0.59943,0.84416,1.9998
0.3,0.6,1.5278,1.2147,0.31081,0.67471,0.81285,1.1759,1.4845,0.039223,0.58281,0.83482,2
0.3,0.6,1.5278,1.2177,0.31159,0.67667,0.81462,1.1734,1.4827,0.043357,0.56636,0.82583,2
0.3,0.6,1.5277,1.2207,0.31238,0.67804,0.81643,1.1708,1.4809,0.047564,0.55001,0.81697,2
0.3,0.6,1.5275,1.2235,0.3132,0.67465,0.8183,1.1683,1.4792,0.051941,0.53388,0.80863,1.9998
0.3,0.6,1.5274,1.2265,0.31402,0.67672,0.82016,1.1658,1.4775,0.056258,0.51767,0.7999,1.9998
0.3,0.6,1.5273,1.2295,0.31486,0.67877,0.82199,1.1633,1.4756,0.060545,0.50142,0.79087,2
0.3,0.6,1.5272,1.2325,0.31572,0.6809,0.82389,1.1608,1.4739,0.06497,0.48534,0.78219,2
0.3,0.6,1.5269,1.2355,0.3166,0.67887,0.82582,1.1583,1.4722,0.069479,0.46938,0.77366,2
0.3,0.6,1.5265,1.2384,0.3175,0.67951,0.82783,1.1559,1.4705,0.074159,0.45365,0.76567,1.9998
0.3,0.6,1.5262,1.2414,0.31843,0.68178,0.82982,1.1534,1.4688,0.078798,0.43785,0.75729,1.9998
0.3,0.6,1.5258,1.2444,0.31937,0.6841,0.83184,1.151,1.4672,0.083511,0.42214,0.74899,1.9998
0.3,0.6,1.5254,1.2474,0.32033,0.68646,0.83389,1.1486,1.4655,0.088303,0.40654,0.74078,1.9998
0.3,0.6,1.5251,1.2506,0.32132,0.68881,0.83595,1.1461,1.4638,0.093087,0.3909,0.73223,2
0.3,0.6,1.5246,1.2537,0.32229,0.69128,0.83809,1.1437,1.4622,0.098081,0.37555,0.72423,2
0.3,0.6,1.5239,1.2568,0.32327,0.68834,0.84031,1.1414,1.4607,0.10326,0.36048,0.7168,1.9998
0.3,0.6,1.5233,1.26,0.32431,0.69094,0.84252,1.139,1.4591,0.10843,0.34535,0.70899,1.9998
0.3,0.6,1.5227,1.2632,0.32537,0.6936,0.84478,1.1367,1.4575,0.11369,0.33035,0.7013,1.9998
0.3,0.6,1.5221,1.2665,0.3265,0.69626,0.84704,1.1344,1.4559,0.11896,0.31531,0.69326,2
0.3,0.6,1.5212,1.2696,0.32761,0.69381,0.84943,1.1321,1.4545,0.12453,0.30074,0.68625,1.9998
0.3,0.6,1.5203,1.2729,0.32879,0.69669,0.85182,1.1298,1.453,0.13011,0.28615,0.67892,1.9997
0.3,0.6,1.5194,1.2761,0.33001,0.69965,0.85427,1.1276,1.4515,0.13583,0.27172,0.67172,1.9997
0.3,0.6,1.5184,1.2794,0.33129,0.69761,0.85678,1.1254,1.4501,0.14168,0.25746,0.66467,1.9997
0.3,0.6,1.5173,1.2826,0.33261,0.70076,0.85935,1.1232,1.4487,0.14767,0.24339,0.65777,1.9997
0.3,0.6,1.5161,1.2859,0.33399,0.70402,0.86199,1.1211,1.4474,0.15384,0.22955,0.65108,1.9997
0.3,0.6,1.5149,1.2893,0.3355,0.70251,0.86469,1.1189,1.446,0.16013,0.21579,0.64421,1.9999
0.3,0.6,1.5134,1.2926,0.33696,0.70604,0.86752,1.1169,1.4448,0.16673,0.20255,0.63828,1.9997
0.3,0.6,1.512,1.296,0.33857,0.70962,0.87036,1.1148,1.4435,0.17336,0.18923,0.63179,1.9999
0.3,0.6,1.5103,1.2993,0.34013,0.70872,0.87334,1.1128,1.4424,0.18032,0.17646,0.62626,1.9997
0.3,0.6,1.5085,1.3026,0.34179,0.71258,0.87639,1.1108,1.4412,0.18741,0.16379,0.62058,1.9996
0.3,0.6,1.5068,1.3061,0.34361,0.71655,0.8795,1.1089,1.44,0.19466,0.15123,0.61475,1.9999
0.3,0.6,1.5046,1.3094,0.34532,0.71628,0.88276,1.107,1.4391,0.20227,0.13932,0.60995,1.9996
0.3,0.6,1.507,1.3174,0.35605,0.72063,0.88781,1.1026,1.4361,0.21406,0.11079,0.59555,2
0.3,0.6,1.5037,1.3207,0.35778,0.72564,0.89174,1.1011,1.4355,0.22323,0.10094,0.59258,1.9988
0.3,0.6,1.5007,1.3244,0.36028,0.73101,0.89582,1.0996,1.4349,0.23275,0.091208,0.58919,1.9995
0.3,0.6,1.4972,1.3279,0.36252,0.73264,0.90011,1.0982,1.4343,0.24274,0.082225,0.58668,1.9992
0.3,0.6,1.493,1.3314,0.36393,0.73811,0.9046,1.0969,1.4339,0.25321,0.073817,0.58462,1.9964
0.3,0.6,1.4878,1.3345,0.36353,0.73933,0.90916,1.0956,1.4336,0.26385,0.065709,0.58291,1.989
0.3,0.6,1.4828,1.3376,0.36358,0.74085,0.91383,1.0944,1.4333,0.27474,0.058022,0.5817,1.9826
0.3,0.6,1.4778,1.3408,0.36408,0.74627,0.91866,1.0932,1.433,0.286,0.05049,0.58025,1.9773
0.3,0.6,1.4716,1.3431,0.36211,0.74704,0.92329,1.0922,1.4332,0.29681,0.043703,0.58083,1.9658
0.3,0.6,1.4661,1.3467,0.36203,0.75269,0.92864,1.0911,1.4328,0.30928,0.036717,0.57885,1.9589
0.3,0.6,1.4608,1.3497,0.36245,0.75482,0.93376,1.0901,1.4328,0.32122,0.030469,0.5789,1.953
0.3,0.6,1.4552,1.3527,0.36248,0.76035,0.93906,1.0892,1.4328,0.3336,0.024611,0.57916,1.9461
0.3,0.6,1.4489,1.3556,0.36159,0.76248,0.94465,1.0884,1.4329,0.34663,0.019188,0.57945,1.9368
0.3,0.6,1.443,1.3585,0.36185,0.76829,0.95021,1.0876,1.4332,0.3596,0.014386,0.58082,1.93
0.3,0.6,1.4369,1.3615,0.36201,0.7711,0.95604,1.0869,1.4335,0.37319,0.01005,0.58233,1.9228
0.3,0.6,1.4298,1.3642,0.3606,0.77353,0.96212,1.0864,1.4339,0.38737,0.0063413,0.58431,1.931
0.3,0.6,1.4244,1.3669,0.36271,0.77476,0.96772,1.086,1.4347,0.40045,0.0036397,0.58858,1.9088
0.3,0.6,1.4159,1.3699,0.36042,0.7833,0.97493,1.0856,1.4351,0.41724,0.0011697,0.59037,1.9144
0.3,0.6,1.4086,1.3728,0.36061,0.78431,0.98174,1.0854,1.436,0.43314,0.00011283,0.59481,1.9062
0.3,0.6,1.5248,1.1816,0.29861,0.66638,0.79633,1.2095,1.5047,0.00069559,0.79862,0.93444,2
0.3,0.6,1.5254,1.1855,0.29939,0.66841,0.79676,1.2063,1.5022,0.0016854,0.77819,0.92201,2
0.3,0.6,1.5259,1.189,0.30017,0.67035,0.79756,1.2033,1.4998,0.0035488,0.75885,0.91058,2
0.3,0.6,1.5263,1.1923,0.30093,0.67219,0.79872,1.2005,1.4977,0.0062632,0.7406,0.9001,2
0.3,0.6,1.5267,1.1955,0.30171,0.66733,0.80011,1.1977,1.4957,0.0095139,0.72303,0.89025,2
0.3,0.6,1.5269,1.1984,0.3025,0.66916,0.80166,1.1951,1.4939,0.013116,0.7059,0.88099,1.9998
0.3,0.6,1.5272,1.2015,0.30328,0.67095,0.80323,1.1924,1.492,0.016792,0.68888,0.87156,1.9998
0.3,0.6,1.5276,1.2045,0.30405,0.67269,0.80482,1.1898,1.49,0.020499,0.6719,0.8619,2
0.3,0.6,1.5278,1.2075,0.30483,0.67449,0.80649,1.1872,1.4881,0.024374,0.65513,0.85263,2
0.3,0.6,1.528,1.2105,0.30563,0.66994,0.80819,1.1846,1.4863,0.028354,0.63849,0.84358,2
0.3,0.6,1.5282,1.2163,0.30724,0.67375,0.81171,1.1795,1.4827,0.036554,0.60551,0.82591,1.9998
0.3,0.6,1.5282,1.2192,0.30806,0.67566,0.81348,1.1769,1.4809,0.040695,0.58908,0.81698,1.9998
0.3,0.6,1.5284,1.2223,0.30888,0.67753,0.81524,1.1743,1.479,0.044783,0.57258,0.80767,2
0.3,0.6,1.5283,1.2251,0.30972,0.67344,0.8171,1.1718,1.4773,0.04913,0.55641,0.7993,1.9998
0.3,0.6,1.5283,1.2281,0.31057,0.67545,0.81894,1.1693,1.4756,0.053424,0.54017,0.79055,1.9998
0.3,0.6,1.5282,1.231,0.31144,0.67749,0.82081,1.1668,1.4738,0.057774,0.524,0.78185,1.9998
0.3,0.6,1.5282,1.2341,0.31233,0.6795,0.82265,1.1643,1.472,0.062078,0.50777,0.77276,2
0.3,0.6,1.5281,1.237,0.31322,0.68161,0.82456,1.1618,1.4702,0.066542,0.49174,0.76419,2
0.3,0.6,1.5277,1.2399,0.31413,0.67796,0.82654,1.1593,1.4686,0.07116,0.47593,0.75613,1.9998
0.3,0.6,1.5269,1.2426,0.31503,0.68041,0.82868,1.157,1.4673,0.076142,0.46063,0.74952,1.999
0.3,0.6,1.5272,1.2459,0.31602,0.68241,0.8305,1.1544,1.4652,0.080377,0.44426,0.73931,1.9998
0.3,0.6,1.5269,1.2489,0.31699,0.6847,0.83252,1.152,1.4635,0.08509,0.42855,0.73101,1.9998
0.3,0.6,1.5267,1.252,0.318,0.68697,0.83453,1.1495,1.4618,0.08978,0.41279,0.72234,2
0.3,0.6,1.5263,1.2552,0.31897,0.68937,0.83664,1.1471,1.4602,0.094706,0.39736,0.71434,2
0.3,0.6,1.5258,1.2583,0.31996,0.68627,0.83878,1.1447,1.4585,0.099693,0.38201,0.70634,2
0.3,0.6,1.5252,1.2614,0.32097,0.68883,0.84098,1.1424,1.457,0.10483,0.36687,0.6988,1.9998
0.3,0.6,1.5246,1.2646,0.32202,0.6914,0.84319,1.14,1.4554,0.10998,0.35173,0.69099,1.9998
0.3,0.6,1.5242,1.2679,0.32313,0.69397,0.8454,1.1377,1.4538,0.11514,0.33654,0.68282,2
0.3,0.6,1.5234,1.271,0.32422,0.6914,0.84773,1.1354,1.4523,0.12056,0.32179,0.67565,1.9998
0.3,0.6,1.5226,1.2742,0.32537,0.69417,0.85006,1.1331,1.4508,0.126,0.30701,0.66815,1.9998
0.3,0.6,1.5218,1.2775,0.32656,0.69701,0.85243,1.1308,1.4493,0.13155,0.29237,0.66077,1.9998
0.3,0.6,1.5211,1.2808,0.32782,0.69479,0.85483,1.1285,1.4478,0.13714,0.27774,0.65314,1.9999
0.3,0.6,1.52,1.284,0.32906,0.69784,0.85734,1.1263,1.4464,0.143,0.26354,0.6464,1.9997
0.3,0.6,1.519,1.2872,0.33038,0.70093,0.85988,1.1241,1.445,0.14892,0.24938,0.63943,1.9997
0.3,0.6,1.518,1.2906,0.3318,0.70408,0.86245,1.1219,1.4435,0.15491,0.23524,0.63216,2
0.3,0.6,1.5166,1.2938,0.33318,0.70257,0.86517,1.1198,1.4423,0.16125,0.22167,0.62602,1.9997
0.3,0.6,1.5153,1.2971,0.33468,0.70601,0.86793,1.1177,1.441,0.16769,0.20818,0.61962,1.9997
0.3,0.6,1.514,1.3006,0.3363,0.70951,0.87074,1.1156,1.4397,0.17423,0.19472,0.61296,2
0.3,0.6,1.5123,1.3038,0.33784,0.70856,0.87368,1.1136,1.4385,0.1811,0.18185,0.6074,1.9997
0.3,0.6,1.5108,1.3073,0.33959,0.71232,0.87665,1.1116,1.4373,0.18802,0.16885,0.60113,2
0.3,0.6,1.5122,1.3183,0.35129,0.71914,0.88401,1.1049,1.433,0.2052,0.12577,0.58001,1.9993
0.3,0.6,1.5097,1.3219,0.3535,0.71984,0.88769,1.1032,1.4321,0.21378,0.11487,0.5756,1.9998
0.3,0.6,1.5068,1.3255,0.35568,0.72483,0.89153,1.1016,1.4314,0.22274,0.10453,0.57187,2
0.3,0.6,1.5037,1.329,0.35779,0.72606,0.89554,1.1001,1.4307,0.23208,0.094752,0.56873,1.9997
0.3,0.6,1.5004,1.3325,0.36006,0.73148,0.89974,1.0987,1.4302,0.24187,0.085526,0.56602,1.9996
0.3,0.6,1.4968,1.336,0.36225,0.73336,0.90414,1.0973,1.4297,0.25215,0.076904,0.56382,1.999
0.3,0.6,1.4915,1.3391,0.36171,0.7382,0.90872,1.0961,1.4294,0.26282,0.068774,0.56203,1.9913
0.3,0.6,1.4868,1.3423,0.36228,0.73988,0.9134,1.0949,1.4291,0.27373,0.060979,0.56056,1.9863
0.3,0.6,1.4815,1.3454,0.36201,0.74491,0.91817,1.0937,1.4288,0.28487,0.053445,0.55929,1.9791
0.3,0.6,1.4763,1.3483,0.36187,0.74653,0.92303,1.0926,1.4287,0.29621,0.046382,0.55863,1.9722
0.3,0.6,1.4712,1.3515,0.36236,0.75197,0.92804,1.0915,1.4285,0.30788,0.039563,0.55799,1.9667
0.3,0.6,1.4653,1.3544,0.36139,0.75365,0.93325,1.0905,1.4284,0.32005,0.033137,0.55748,1.9575
0.3,0.6,1.4598,1.3574,0.36169,0.75919,0.9385,1.0896,1.4285,0.33229,0.027274,0.55787,1.9512
0.3,0.6,1.4542,1.3605,0.36203,0.76163,0.94394,1.0888,1.4286,0.34498,0.021746,0.55835,1.9449
0.3,0.6,1.4478,1.3632,0.36082,0.76683,0.94953,1.088,1.4288,0.358,0.016663,0.55922,1.9349
0.3,0.6,1.4418,1.3662,0.36103,0.76955,0.95527,1.0873,1.4291,0.3714,0.01207,0.56049,1.9279
0.3,0.6,1.4357,1.3685,0.36098,0.77191,0.96069,1.0867,1.4297,0.38403,0.0082879,0.56367,1.9204
0.3,0.6,1.4289,1.3722,0.36115,0.77881,0.96751,1.0861,1.4298,0.39995,0.0047135,0.5644,1.9125
0.3,0.6,1.4221,1.375,0.36112,0.7821,0.97382,1.0857,1.4305,0.41466,0.002262,0.5678,1.9042
0.3,0.6,1.415,1.3765,0.35982,0.7813,0.97939,1.0855,1.4317,0.42767,0.00081931,0.57355,1.9128
0.3,0.6,1.5252,1.1905,0.2968,0.67032,0.79702,1.2071,1.4983,0.0022888,0.78334,0.903,2
0.3,0.6,1.5258,1.194,0.29756,0.67213,0.79796,1.2042,1.4961,0.0044997,0.76446,0.8919,2
0.3,0.6,1.5262,1.1971,0.29833,0.66717,0.79931,1.2014,1.494,0.0076356,0.74674,0.88194,2
0.3,0.6,1.5287,1.2209,0.30471,0.67481,0.81254,1.1805,1.4791,0.038496,0.61238,0.80805,2
0.3,0.6,1.5288,1.2238,0.30555,0.67666,0.81431,1.178,1.4773,0.042634,0.59595,0.79905,2
0.3,0.6,1.5288,1.2267,0.3064,0.67248,0.81616,1.1755,1.4756,0.046931,0.57971,0.79064,1.9998
0.3,0.6,1.5288,1.2296,0.30727,0.67442,0.81798,1.1729,1.4738,0.051177,0.56341,0.78183,1.9998
0.3,0.6,1.5289,1.2326,0.30814,0.67639,0.81982,1.1704,1.472,0.055473,0.54717,0.77308,1.9998
0.3,0.6,1.529,1.2356,0.30904,0.67835,0.82165,1.1679,1.4702,0.059743,0.5309,0.76402,2
0.3,0.6,1.5289,1.2386,0.30994,0.68037,0.82353,1.1654,1.4684,0.064125,0.51477,0.75529,2
0.3,0.6,1.5287,1.2415,0.31086,0.67663,0.82548,1.1629,1.4668,0.068667,0.49886,0.74715,1.9998
0.3,0.6,1.5285,1.2444,0.3118,0.67876,0.8274,1.1604,1.4651,0.073167,0.48288,0.73862,1.9998
0.3,0.6,1.5284,1.2474,0.31275,0.68093,0.82936,1.1579,1.4634,0.077726,0.46698,0.73015,1.9998
0.3,0.6,1.5281,1.2504,0.31372,0.68313,0.83134,1.1555,1.4617,0.082348,0.45116,0.72175,1.9998
0.3,0.6,1.528,1.2535,0.31472,0.68533,0.83331,1.153,1.4599,0.086947,0.4353,0.71299,2
0.3,0.6,1.5277,1.2566,0.3157,0.68764,0.83538,1.1506,1.4582,0.091763,0.41972,0.70486,2
0.3,0.6,1.5273,1.2597,0.31669,0.68444,0.83748,1.1482,1.4566,0.096658,0.40425,0.69676,2
0.3,0.6,1.5268,1.2628,0.31769,0.68692,0.83963,1.1458,1.4551,0.10169,0.38897,0.68911,1.9998
0.3,0.6,1.5263,1.266,0.31873,0.6894,0.8418,1.1434,1.4535,0.10673,0.37369,0.68117,1.9998
0.3,0.6,1.5258,1.2692,0.3198,0.69193,0.84399,1.1411,1.4519,0.11186,0.35851,0.67333,1.9998
0.3,0.6,1.524,1.2788,0.32318,0.6946,0.85081,1.1341,1.4472,0.12776,0.31365,0.65037,1.9998
0.3,0.6,1.5232,1.282,0.32438,0.69739,0.85317,1.1318,1.4457,0.13326,0.29895,0.64294,1.9998
0.3,0.6,1.5224,1.2853,0.32561,0.69517,0.85557,1.1296,1.4442,0.13887,0.28439,0.63562,1.9998
0.3,0.6,1.5215,1.2885,0.32689,0.69813,0.85803,1.1273,1.4428,0.1446,0.26998,0.62843,1.9997
0.3,0.6,1.5207,1.2919,0.32824,0.70114,0.86051,1.1251,1.4413,0.15038,0.25559,0.62101,1.9999
0.3,0.6,1.5183,1.2984,0.33098,0.70268,0.86574,1.1208,1.4386,0.16259,0.22778,0.60778,1.9997
0.3,0.6,1.5195,1.3161,0.34528,0.71404,0.87718,1.1092,1.4309,0.18925,0.15314,0.56938,1.9999
0.3,0.6,1.5171,1.3194,0.347,0.71407,0.88059,1.1074,1.43,0.19721,0.14168,0.56497,1.9994
0.3,0.6,1.5148,1.323,0.34906,0.71857,0.88407,1.1056,1.429,0.20533,0.13021,0.56008,1.9999
0.3,0.6,1.5121,1.3264,0.3509,0.71911,0.88771,1.1039,1.4282,0.21382,0.11942,0.55619,1.9994
0.3,0.6,1.5093,1.3299,0.35297,0.72394,0.89148,1.1023,1.4274,0.22261,0.10891,0.55237,1.9994
0.3,0.6,1.5065,1.3335,0.35529,0.72512,0.8954,1.1007,1.4267,0.23177,0.098753,0.54867,1.9998
0.3,0.6,1.5034,1.337,0.35754,0.73039,0.89952,1.0993,1.4261,0.24136,0.089263,0.54573,1.9997
0.3,0.6,1.5,1.3405,0.35977,0.73215,0.90382,1.0979,1.4256,0.2514,0.080356,0.54329,1.9994
0.3,0.6,1.4962,1.344,0.36185,0.73775,0.90835,1.0966,1.4252,0.26195,0.072072,0.54136,1.9983
0.3,0.6,1.49,1.3462,0.35965,0.73819,0.91281,1.0954,1.4252,0.27236,0.064652,0.54139,1.9864
0.3,0.6,1.486,1.3502,0.36161,0.74415,0.91778,1.0942,1.4246,0.28397,0.056698,0.53858,1.9849
0.3,0.6,1.4812,1.3533,0.36218,0.74604,0.92266,1.0931,1.4244,0.29535,0.049487,0.5376,1.9798
0.3,0.6,1.4754,1.3562,0.36117,0.75083,0.92765,1.092,1.4243,0.30699,0.042603,0.5369,1.9707
0.3,0.6,1.4695,1.3589,0.36016,0.75235,0.93275,1.091,1.4243,0.31887,0.036271,0.53689,1.9615
0.3,0.6,1.4642,1.362,0.3606,0.75788,0.938,1.0901,1.4243,0.33112,0.030183,0.53687,1.9557
0.3,0.6,1.4588,1.3652,0.36096,0.76031,0.94344,1.0892,1.4243,0.3438,0.024391,0.53692,1.9495
0.3,0.6,1.4524,1.3678,0.3598,0.76534,0.94891,1.0884,1.4245,0.35656,0.019207,0.53789,1.9397
0.3,0.6,1.4466,1.3709,0.36006,0.76805,0.95461,1.0876,1.4247,0.36985,0.014452,0.53903,1.9329
0.3,0.6,1.4405,1.3739,0.36024,0.77095,0.96048,1.087,1.425,0.38354,0.010237,0.54064,1.9258
0.3,0.6,1.4334,1.3765,0.35884,0.77634,0.96656,1.0864,1.4255,0.39773,0.0066605,0.54281,1.9149
0.3,0.6,1.4267,1.3793,0.35885,0.77965,0.97282,1.086,1.4261,0.41233,0.0037751,0.54566,1.9069
0.3,0.6,1.4196,1.3822,0.35871,0.78319,0.97943,1.0857,1.4267,0.42774,0.0017191,0.54908,1.8981
0.3,0.6,1.5255,1.1988,0.2952,0.66725,0.79875,1.2052,1.4925,0.0063415,0.7712,0.87427,2
0.3,0.6,1.526,1.2017,0.29595,0.66891,0.80027,1.2025,1.4906,0.0098839,0.75399,0.86496,1.9998
0.3,0.6,1.5275,1.2706,0.31659,0.69001,0.84272,1.1446,1.4499,0.1089,0.38082,0.66353,2
0.3,0.6,1.5271,1.2738,0.31767,0.68716,0.8449,1.1422,1.4483,0.11397,0.36557,0.65557,2
0.3,0.6,1.5275,1.3105,0.33781,0.70632,0.86808,1.1158,1.4303,0.16804,0.19563,0.56673,2
0.3,0.6,1.5247,1.3133,0.33896,0.70572,0.87127,1.114,1.4296,0.17547,0.18394,0.56343,1.998
0.3,0.6,1.5235,1.3171,0.34107,0.70963,0.87428,1.1119,1.4282,0.18251,0.17076,0.55606,1.9996
0.3,0.6,1.5217,1.3206,0.34294,0.70942,0.87749,1.11,1.427,0.18999,0.15848,0.55046,1.9999
0.3,0.6,1.5193,1.324,0.34466,0.71366,0.88084,1.1082,1.4261,0.1978,0.14682,0.5459,1.9995
0.3,0.6,1.5172,1.3275,0.3467,0.71805,0.88426,1.1064,1.4251,0.20578,0.13514,0.54076,2
0.3,0.6,1.5145,1.3309,0.3485,0.71849,0.88785,1.1047,1.4243,0.21415,0.12425,0.53691,1.9994
0.3,0.6,1.512,1.3345,0.35069,0.72324,0.89155,1.103,1.4234,0.22277,0.1134,0.53255,1.9999
0.3,0.6,1.5091,1.3378,0.35265,0.72422,0.89542,1.1014,1.4227,0.23179,0.1033,0.52926,1.9993
0.3,0.6,1.5062,1.3414,0.35502,0.72938,0.89944,1.0999,1.422,0.24119,0.093448,0.52582,1.9998
0.3,0.6,1.5028,1.3448,0.35698,0.73087,0.90365,1.0985,1.4216,0.251,0.084379,0.52342,1.9988
0.3,0.6,1.499,1.3482,0.35871,0.73619,0.90807,1.0972,1.4211,0.26131,0.075868,0.52138,1.9971
0.3,0.6,1.4948,1.3516,0.35998,0.73799,0.91271,1.0959,1.4207,0.27213,0.067743,0.51937,1.9941
0.3,0.6,1.4901,1.3547,0.36043,0.74308,0.91743,1.0947,1.4205,0.28314,0.060241,0.51833,1.9887
0.3,0.6,1.4852,1.3578,0.3607,0.74478,0.92228,1.0936,1.4203,0.29444,0.052932,0.51726,1.983
0.3,0.6,1.4796,1.3607,0.36005,0.74965,0.92727,1.0925,1.4202,0.30608,0.046066,0.51658,1.9748
0.3,0.6,1.4746,1.3638,0.36058,0.75175,0.93236,1.0915,1.4201,0.31796,0.039508,0.51616,1.9694
0.3,0.6,1.4689,1.3668,0.36003,0.75687,0.93764,1.0906,1.42,0.33027,0.033244,0.51579,1.9613
0.3,0.6,1.4633,1.3697,0.35994,0.75896,0.94292,1.0897,1.4201,0.34259,0.027493,0.51628,1.9541
0.3,0.6,1.4578,1.3728,0.36032,0.7646,0.94839,1.0888,1.4202,0.35536,0.022078,0.51685,1.9479
0.3,0.6,1.4521,1.3758,0.36064,0.76725,0.95398,1.088,1.4204,0.3684,0.017116,0.51789,1.9414
0.3,0.6,1.4454,1.3785,0.35934,0.76942,0.95977,1.0874,1.4207,0.38189,0.01265,0.51929,1.931
0.3,0.6,1.4392,1.3815,0.35949,0.77543,0.96577,1.0867,1.4211,0.39589,0.0087343,0.52109,1.9237
0.3,0.6,1.4327,1.3844,0.35956,0.77865,0.97197,1.0862,1.4216,0.41035,0.0055297,0.52358,1.9159
0.3,0.6,1.4258,1.3873,0.3595,0.78042,0.97842,1.0859,1.4222,0.4254,0.0031572,0.52682,1.9075
0.3,0.6,1.532,1.3082,0.33244,0.69929,0.86303,1.1209,1.4292,0.15626,0.22852,0.5614,1.9997
0.3,0.6,1.5307,1.3116,0.33401,0.70277,0.86582,1.1188,1.4279,0.16276,0.21503,0.55474,1.9999
0.3,0.6,1.529,1.3149,0.3355,0.70187,0.86873,1.1168,1.4267,0.16955,0.20205,0.54905,1.9996
0.3,0.6,1.5266,1.3178,0.33676,0.70566,0.87181,1.1149,1.4259,0.17673,0.18992,0.54511,1.9982
0.3,0.6,1.5256,1.3218,0.33888,0.70946,0.87475,1.1128,1.4243,0.1836,0.17645,0.5372,1.9999
0.3,0.6,1.5235,1.3251,0.34055,0.70917,0.87795,1.1109,1.4233,0.19105,0.16433,0.53224,1.9996
0.3,0.6,1.5214,1.3285,0.34236,0.71333,0.88123,1.1091,1.4223,0.1987,0.15238,0.52718,1.9996
0.3,0.6,1.5194,1.332,0.34434,0.71352,0.8846,1.1072,1.4213,0.20658,0.14059,0.522,1.9999
0.3,0.6,1.5168,1.3354,0.34615,0.71796,0.88813,1.1055,1.4204,0.2148,0.12949,0.51792,1.9994
0.3,0.6,1.5145,1.3389,0.3483,0.72259,0.89176,1.1038,1.4195,0.22328,0.11845,0.51339,1.9999
0.3,0.6,1.5116,1.3423,0.35018,0.72342,0.89557,1.1022,1.4188,0.23214,0.10819,0.51003,1.9993
0.3,0.6,1.5087,1.3458,0.35234,0.72838,0.89952,1.1006,1.4182,0.24137,0.098198,0.50659,1.9992
0.3,0.6,1.5056,1.3492,0.35447,0.72978,0.90365,1.0992,1.4176,0.251,0.088778,0.5037,1.9989
0.3,0.6,1.5026,1.3528,0.35711,0.73524,0.90798,1.0978,1.417,0.2611,0.079779,0.50098,1.9997
0.3,0.6,1.4986,1.3561,0.35857,0.73694,0.91248,1.0965,1.4167,0.27161,0.071631,0.4994,1.9972
0.3,0.6,1.4949,1.3596,0.36078,0.74265,0.91723,1.0953,1.4164,0.28268,0.063874,0.49776,1.9963
0.3,0.6,1.4894,1.3624,0.35987,0.74386,0.92204,1.0942,1.4162,0.2939,0.056636,0.49695,1.9877
0.3,0.6,1.4819,1.362,0.35551,0.74263,0.92565,1.0934,1.4176,0.30232,0.05147,0.5039,1.9704
0.3,0.6,1.4789,1.3684,0.35947,0.75057,0.93204,1.0921,1.4159,0.31722,0.042959,0.49563,1.9736
0.3,0.6,1.4737,1.3716,0.35997,0.75606,0.93731,1.0911,1.4159,0.32951,0.036668,0.49523,1.968
0.3,0.6,1.4677,1.3743,0.3589,0.75769,0.94254,1.0902,1.4159,0.3417,0.030764,0.49559,1.9586
0.3,0.6,1.4623,1.3774,0.35932,0.76324,0.94793,1.0893,1.416,0.35428,0.025119,0.49597,1.9526
0.3,0.6,1.456,1.3801,0.35824,0.76524,0.95351,1.0885,1.4162,0.3673,0.02,0.49679,1.943
0.3,0.6,1.4502,1.3831,0.35841,0.768,0.95924,1.0878,1.4164,0.38067,0.015339,0.49801,1.936
0.3,0.6,1.4441,1.3861,0.35863,0.77389,0.96515,1.0871,1.4168,0.39443,0.011221,0.49971,1.929
0.3,0.6,1.4377,1.389,0.35877,0.77707,0.97121,1.0866,1.4172,0.40858,0.0077387,0.50204,1.9215
0.3,0.6,1.431,1.3919,0.35877,0.78098,0.9776,1.0862,1.4178,0.42348,0.004971,0.50483,1.9133
0.3,0.6,1.5409,1.2898,0.32096,0.6878,0.84612,1.1374,1.4356,0.11683,0.33463,0.5927,1.9997
0.3,0.6,1.54,1.293,0.32218,0.69063,0.84851,1.1351,1.4341,0.12239,0.32001,0.58533,1.9997
0.3,0.6,1.5393,1.2964,0.32348,0.68853,0.85091,1.1328,1.4325,0.128,0.3054,0.5777,1.9999
0.3,0.6,1.5382,1.2995,0.32475,0.69155,0.85341,1.1306,1.4312,0.13383,0.29117,0.57094,1.9997
0.3,0.6,1.5371,1.3028,0.32608,0.69461,0.85594,1.1284,1.4298,0.13972,0.27697,0.56394,1.9997
0.3,0.6,1.5361,1.3062,0.32749,0.69772,0.8585,1.1262,1.4283,0.14569,0.26281,0.5567,1.9999
0.3,0.6,1.5348,1.3094,0.32885,0.69624,0.86116,1.1241,1.427,0.15189,0.24907,0.55036,1.9997
0.3,0.6,1.5335,1.3127,0.33031,0.69957,0.86386,1.122,1.4257,0.1582,0.23539,0.54381,1.9997
0.3,0.6,1.5322,1.3162,0.33188,0.70297,0.8666,1.1198,1.4243,0.1646,0.22175,0.53696,2
0.3,0.6,1.5306,1.3194,0.33335,0.70201,0.86948,1.1178,1.4231,0.17129,0.20867,0.53124,1.9997
0.3,0.6,1.529,1.3228,0.33495,0.70566,0.8724,1.1158,1.4219,0.17811,0.19565,0.52526,1.9997
0.3,0.6,1.5274,1.3263,0.33668,0.7051,0.87539,1.1138,1.4207,0.18508,0.18271,0.51904,2
0.3,0.6,1.5247,1.3291,0.3379,0.70903,0.87862,1.112,1.42,0.19262,0.1712,0.51594,1.9981
0.3,0.6,1.5236,1.3331,0.34018,0.71307,0.88173,1.11,1.4185,0.19986,0.15814,0.50838,1.9999
0.3,0.6,1.5205,1.3359,0.34141,0.71311,0.88517,1.1083,1.418,0.20789,0.14734,0.50583,1.9978
0.3,0.6,1.519,1.3398,0.34384,0.71749,0.88854,1.1064,1.4167,0.21575,0.13509,0.49924,1.9995
0.3,0.6,1.5168,1.3434,0.34597,0.72199,0.89211,1.1046,1.4157,0.22408,0.12384,0.49446,2
0.3,0.6,1.5141,1.3467,0.34782,0.7227,0.89585,1.103,1.415,0.23281,0.11343,0.49103,1.9994
0.3,0.6,1.5115,1.3502,0.3501,0.72754,0.89973,1.1014,1.4142,0.24186,0.1031,0.48712,1.9998
0.3,0.6,1.5084,1.3535,0.35199,0.72873,0.90379,1.0999,1.4137,0.25133,0.093636,0.48445,1.999
0.3,0.6,1.5055,1.3571,0.35457,0.734,0.90803,1.0985,1.4131,0.26121,0.08432,0.48139,1.9998
0.3,0.6,1.5018,1.3604,0.35615,0.73562,0.91246,1.0972,1.4127,0.27154,0.075943,0.4796,1.9977
0.3,0.6,1.4984,1.364,0.35873,0.74131,0.91709,1.0959,1.4123,0.28236,0.067857,0.47768,1.998
0.3,0.6,1.4934,1.3669,0.35873,0.74282,0.92188,1.0948,1.4121,0.29352,0.060554,0.47681,1.9916
0.3,0.6,1.4887,1.3702,0.35935,0.74804,0.92683,1.0937,1.4119,0.30507,0.053368,0.47566,1.9867
0.3,0.6,1.4833,1.3731,0.35896,0.74976,0.93191,1.0926,1.4118,0.31692,0.046691,0.47508,1.9791
0.3,0.6,1.478,1.376,0.35894,0.7548,0.93697,1.0916,1.4118,0.32871,0.040297,0.47506,1.9724
0.3,0.6,1.4725,1.379,0.35864,0.75677,0.94221,1.0907,1.4118,0.34093,0.034173,0.47502,1.9649
0.3,0.6,1.4668,1.3819,0.35833,0.76196,0.94759,1.0898,1.4118,0.35349,0.028475,0.47534,1.9572
0.3,0.6,1.4613,1.385,0.35875,0.76453,0.95307,1.089,1.412,0.36626,0.023163,0.47607,1.9511
0.3,0.6,1.4559,1.3875,0.35927,0.76697,0.95824,1.0883,1.4125,0.37832,0.018468,0.47839,1.9452
0.3,0.6,1.4494,1.3911,0.35895,0.77308,0.96467,1.0875,1.4124,0.39333,0.013856,0.47823,1.9368
0.3,0.6,1.4426,1.3938,0.35791,0.77563,0.97071,1.087,1.4128,0.4074,0.010087,0.48022,1.9267
0.3,0.6,1.4362,1.3966,0.35804,0.78142,0.9768,1.0865,1.4134,0.42162,0.0070243,0.4831,1.9191
0.3,0.6,1.5438,1.2213,0.29511,0.66674,0.80034,1.1979,1.4733,0.010043,0.72396,0.77908,1.9998
0.3,0.6,1.5443,1.2243,0.29593,0.66832,0.80203,1.1953,1.4713,0.013971,0.70728,0.76961,2
0.3,0.6,1.5446,1.2271,0.29676,0.6637,0.80376,1.1927,1.4696,0.018014,0.6907,0.76089,1.9998
0.3,0.6,1.5444,1.2297,0.29761,0.66557,0.80558,1.1902,1.4681,0.022269,0.67432,0.75361,1.9991
0.3,0.6,1.5447,1.2326,0.29847,0.66729,0.80733,1.1876,1.4663,0.026348,0.65782,0.74462,1.9991
0.3,0.6,1.5455,1.2359,0.29935,0.66887,0.809,1.185,1.4641,0.030233,0.64115,0.73388,1.9998
0.3,0.6,1.5459,1.2389,0.30025,0.67061,0.81076,1.1824,1.4622,0.034333,0.62468,0.72453,2
0.3,0.6,1.549,1.2381,0.30149,0.63045,0.80917,1.1816,1.4639,0.030637,0.61893,0.7327,2.0037
0.3,0.6,1.5461,1.2447,0.30208,0.66833,0.8144,1.1774,1.4587,0.042825,0.59206,0.70729,1.9998
0.3,0.6,1.5456,1.2473,0.30298,0.67043,0.81634,1.1749,1.4573,0.047364,0.57611,0.70032,1.9991
0.3,0.6,1.5457,1.2502,0.30393,0.67239,0.81821,1.1724,1.4556,0.051712,0.55995,0.69162,1.9991
0.3,0.6,1.5464,1.2536,0.30494,0.67416,0.81996,1.1698,1.4534,0.055808,0.54348,0.68082,2
0.3,0.6,1.5463,1.2567,0.30592,0.67619,0.82187,1.1673,1.4516,0.060261,0.52745,0.67218,2
0.3,0.6,1.5461,1.2596,0.3069,0.67259,0.82383,1.1649,1.45,0.06484,0.51157,0.6641,1.9998
0.3,0.6,1.546,1.2626,0.30791,0.67474,0.8258,1.1624,1.4483,0.069423,0.4957,0.65565,1.9998
0.3,0.6,1.5458,1.2657,0.30892,0.67694,0.8278,1.16,1.4466,0.074084,0.47994,0.6473,1.9998
0.3,0.6,1.5449,1.2684,0.30987,0.67937,0.82995,1.1576,1.4453,0.079106,0.46469,0.64088,1.999
0.3,0.6,1.5454,1.272,0.31099,0.68146,0.83189,1.1551,1.4432,0.08363,0.44867,0.63053,2
0.3,0.6,1.545,1.2752,0.31205,0.67836,0.834,1.1527,1.4416,0.08854,0.43321,0.62245,2
0.3,0.6,1.5445,1.2783,0.31311,0.68082,0.83615,1.1503,1.44,0.093565,0.41792,0.6148,1.9998
0.3,0.6,1.5434,1.2811,0.3141,0.68346,0.83844,1.148,1.4388,0.098894,0.40312,0.60872,1.9989
0.3,0.6,1.5437,1.2847,0.31536,0.68577,0.84049,1.1456,1.4368,0.10369,0.38739,0.59866,2
0.3,0.6,1.543,1.2878,0.31648,0.68318,0.84275,1.1432,1.4353,0.10896,0.37241,0.59128,1.9998
0.3,0.6,1.5417,1.2907,0.31753,0.686,0.84514,1.141,1.4341,0.11453,0.35796,0.58547,1.9988
0.3,0.6,1.5417,1.2943,0.31887,0.68855,0.84733,1.1386,1.4322,0.11964,0.3426,0.57606,1.9998
0.3,0.6,1.541,1.2976,0.32013,0.69129,0.84966,1.1363,1.4306,0.12507,0.32778,0.56823,2
0.3,0.6,1.5401,1.3008,0.32137,0.68921,0.85207,1.1341,1.4292,0.1307,0.31329,0.56126,1.9998
0.3,0.6,1.5392,1.304,0.32267,0.69214,0.85451,1.1318,1.4277,0.1364,0.29883,0.55404,1.9997
0.3,0.6,1.5383,1.3074,0.32404,0.69512,0.85698,1.1296,1.4262,0.14216,0.28442,0.54657,1.9999
0.3,0.6,1.5372,1.3106,0.32537,0.69348,0.85955,1.1274,1.4249,0.14814,0.27039,0.53999,1.9997
0.3,0.6,1.5353,1.3135,0.32655,0.69677,0.86227,1.1253,1.4239,0.15448,0.25705,0.53508,1.9986
0.3,0.6,1.5348,1.3172,0.32823,0.69993,0.86482,1.1231,1.4222,0.16043,0.24263,0.52654,1.9997
0.3,0.6,1.5335,1.3206,0.32971,0.69876,0.86755,1.121,1.4209,0.1668,0.22904,0.52006,1.9997
0.3,0.6,1.532,1.3239,0.33125,0.70223,0.87035,1.1189,1.4196,0.17333,0.21565,0.51375,1.9997
0.3,0.6,1.5307,1.3274,0.33289,0.70578,0.87321,1.1168,1.4183,0.17999,0.20236,0.50727,1.9999
0.3,0.6,1.5289,1.3306,0.33446,0.70516,0.87619,1.1148,1.4172,0.18696,0.1896,0.50178,1.9997
0.3,0.6,1.5271,1.334,0.33614,0.70897,0.87925,1.1129,1.416,0.19408,0.17698,0.49613,1.9996
0.3,0.6,1.5254,1.3375,0.33796,0.71289,0.88239,1.1109,1.4149,0.20141,0.16451,0.49036,1.9999
0.3,0.6,1.5233,1.3408,0.33967,0.71285,0.88567,1.1091,1.4139,0.20907,0.15267,0.48565,1.9996
0.3,0.6,1.5213,1.3443,0.34165,0.71707,0.88906,1.1073,1.4129,0.21697,0.14092,0.48049,1.9999
0.3,0.6,1.5189,1.3476,0.34347,0.7175,0.89261,1.1056,1.4121,0.22525,0.12988,0.47647,1.9995
0.3,0.6,1.5156,1.3504,0.34472,0.72182,0.89633,1.104,1.4117,0.23392,0.11997,0.47444,1.9972
0.3,0.6,1.514,1.3545,0.34767,0.72667,0.90011,1.1023,1.4104,0.24273,0.10861,0.46835,1.9999
0.3,0.6,1.5111,1.3578,0.34958,0.72773,0.90409,1.1008,1.4098,0.25202,0.098906,0.46548,1.9992
0.3,0.6,1.5084,1.3614,0.35204,0.73281,0.90823,1.0993,1.4092,0.26168,0.089321,0.46218,1.9998
0.3,0.6,1.505,1.3647,0.35396,0.73441,0.91255,1.0979,1.4088,0.27176,0.080609,0.46011,1.9988
0.3,0.6,1.5016,1.3681,0.35624,0.73982,0.91705,1.0966,1.4084,0.28225,0.072285,0.45818,1.9984
0.3,0.6,1.4974,1.3714,0.35759,0.7418,0.92179,1.0954,1.4081,0.2933,0.064678,0.45686,1.9955
0.3,0.6,1.4921,1.3738,0.3568,0.7461,0.9264,1.0944,1.4082,0.30405,0.057741,0.45716,1.9872
0.3,0.6,1.4873,1.377,0.35742,0.74812,0.93137,1.0933,1.408,0.31566,0.050886,0.4565,1.9822
0.3,0.6,1.4824,1.3807,0.35816,0.75379,0.93682,1.0922,1.4076,0.32837,0.04401,0.45453,1.9773
0.3,0.6,1.4772,1.3837,0.35846,0.75593,0.94195,1.0913,1.4077,0.34033,0.037877,0.45477,1.9712
0.3,0.6,1.4712,1.3865,0.35736,0.76071,0.94731,1.0904,1.4077,0.35282,0.032035,0.4549,1.9618
0.3,0.6,1.4658,1.3895,0.3578,0.76322,0.9527,1.0895,1.4078,0.36542,0.026478,0.45542,1.9559
0.3,0.6,1.4602,1.3928,0.35815,0.76609,0.95843,1.0887,1.4079,0.37878,0.021389,0.45596,1.9494
0.3,0.6,1.4537,1.3953,0.35691,0.77099,0.96407,1.088,1.4083,0.39193,0.0169,0.45765,1.9393
0.3,0.6,1.4476,1.3983,0.35715,0.77406,0.97,1.0874,1.4086,0.40575,0.01288,0.45943,1.9323
0.3,0.6,1.4412,1.4013,0.35728,0.78009,0.97618,1.0869,1.4091,0.42016,0.0094812,0.46168,1.9247
0.3,0.6,1.5433,1.2285,0.29376,0.66406,0.80412,1.1969,1.4685,0.018857,0.71788,0.75548,1.9999
0.3,0.6,1.5437,1.2314,0.29459,0.66567,0.8058,1.1943,1.4666,0.022781,0.70116,0.7464,1.9998
0.3,0.6,1.5436,1.234,0.29545,0.66747,0.80758,1.1918,1.4652,0.026932,0.68462,0.73903,1.9992
0.3,0.6,1.5445,1.2372,0.2963,0.66897,0.80921,1.1892,1.463,0.030729,0.66787,0.72818,1.9998
0.3,0.6,1.545,1.2403,0.29718,0.67062,0.81092,1.1866,1.461,0.034716,0.65127,0.7187,2
0.3,0.6,1.5452,1.2431,0.29807,0.66635,0.81269,1.184,1.4593,0.038844,0.6348,0.71014,1.9998
0.3,0.6,1.5454,1.2461,0.29898,0.66814,0.81445,1.1815,1.4575,0.042957,0.61833,0.70118,1.9998
0.3,0.6,1.5451,1.2487,0.29988,0.67014,0.81633,1.1789,1.4561,0.047346,0.60215,0.69407,1.9991
0.3,0.6,1.5458,1.252,0.30085,0.67183,0.81805,1.1764,1.4539,0.05134,0.5856,0.68344,1.9998
0.3,0.6,1.546,1.255,0.3018,0.67373,0.81988,1.1738,1.4521,0.055616,0.56934,0.67466,1.9998
0.3,0.6,1.5462,1.2581,0.30278,0.66986,0.82171,1.1713,1.4503,0.059885,0.55307,0.6655,2
0.3,0.6,1.5462,1.2611,0.30376,0.67188,0.82359,1.1688,1.4485,0.064269,0.53695,0.65691,2
0.3,0.6,1.5461,1.264,0.30475,0.67397,0.82551,1.1663,1.4469,0.068757,0.52095,0.64867,1.9998
0.3,0.6,1.5454,1.2667,0.30571,0.67624,0.82755,1.1639,1.4455,0.073513,0.50532,0.64196,1.999
0.3,0.6,1.5459,1.2701,0.30679,0.67821,0.82941,1.1614,1.4435,0.077853,0.48913,0.63171,1.9998
0.3,0.6,1.5458,1.2733,0.30783,0.68037,0.8314,1.1589,1.4417,0.08248,0.47331,0.62301,2
0.3,0.6,1.5456,1.2765,0.30888,0.67715,0.83344,1.1565,1.44,0.087246,0.45767,0.61477,2
0.3,0.6,1.5452,1.2796,0.30993,0.67951,0.83553,1.1541,1.4384,0.092121,0.44218,0.60696,1.9998
0.3,0.6,1.5443,1.2824,0.31092,0.68204,0.83774,1.1518,1.4372,0.097277,0.42713,0.6007,1.999
0.3,0.6,1.5446,1.286,0.31214,0.68426,0.83974,1.1493,1.4351,0.10194,0.41126,0.59049,2
0.3,0.6,1.5442,1.2892,0.31328,0.68151,0.84191,1.1469,1.4335,0.10699,0.39598,0.58256,2
0.3,0.6,1.5436,1.2923,0.31442,0.68409,0.84413,1.1446,1.432,0.11217,0.38089,0.57508,1.9998
0.3,0.6,1.543,1.2955,0.3156,0.68669,0.84636,1.1422,1.4304,0.11738,0.36583,0.56733,1.9998
0.3,0.6,1.5425,1.2988,0.31684,0.68932,0.84862,1.1399,1.4288,0.12264,0.35079,0.55932,2
0.3,0.6,1.5417,1.302,0.31805,0.68709,0.85095,1.1376,1.4274,0.12809,0.33606,0.55214,1.9998
0.3,0.6,1.5409,1.3052,0.31932,0.6899,0.85331,1.1353,1.4259,0.13359,0.32136,0.54471,1.9998
0.3,0.6,1.5401,1.3085,0.32062,0.69278,0.85572,1.1331,1.4244,0.13921,0.30681,0.5374,1.9998
0.3,0.6,1.5393,1.3119,0.32199,0.69094,0.85815,1.1308,1.4229,0.14488,0.29229,0.52985,1.9999
0.3,0.6,1.5382,1.3151,0.32333,0.69401,0.86068,1.1286,1.4215,0.15079,0.27815,0.52317,1.9997
0.3,0.6,1.5371,1.3184,0.32473,0.69713,0.86325,1.1264,1.4201,0.15677,0.26407,0.51627,1.9997
0.3,0.6,1.5362,1.3218,0.32623,0.70031,0.86585,1.1242,1.4187,0.16284,0.25002,0.50906,2
0.3,0.6,1.5347,1.325,0.32765,0.6991,0.86857,1.1221,1.4174,0.16917,0.23646,0.50294,1.9997
0.3,0.6,1.5334,1.3284,0.32918,0.7025,0.87133,1.12,1.4161,0.17562,0.22296,0.49655,1.9997
0.3,0.6,1.5321,1.3318,0.33082,0.70597,0.87415,1.1179,1.4148,0.18219,0.20953,0.48988,2
0.3,0.6,1.5298,1.3346,0.33204,0.70531,0.87718,1.1161,1.414,0.18927,0.19735,0.48627,1.9984
0.3,0.6,1.5288,1.3384,0.33402,0.70898,0.8801,1.114,1.4125,0.19608,0.18391,0.4786,1.9997
0.3,0.6,1.527,1.3418,0.33573,0.70869,0.88322,1.112,1.4114,0.20334,0.17146,0.4731,1.9996
0.3,0.6,1.5251,1.3452,0.33749,0.71264,0.88644,1.1101,1.4103,0.21085,0.15934,0.46789,1.9996
0.3,0.6,1.5233,1.3486,0.3394,0.7167,0.88977,1.1083,1.4093,0.21863,0.14743,0.46259,1.9999
0.3,0.6,1.521,1.3519,0.34116,0.71697,0.89326,1.1066,1.4084,0.22677,0.13622,0.45843,1.9995
0.3,0.6,1.5187,1.3552,0.3431,0.7213,0.89688,1.1049,1.4076,0.23521,0.12528,0.45423,1.9995
0.3,0.6,1.5164,1.3587,0.34526,0.72214,0.90063,1.1032,1.4067,0.24397,0.11457,0.44996,1.9999
0.3,0.6,1.5136,1.362,0.34716,0.72676,0.90453,1.1016,1.4061,0.25306,0.10461,0.44689,1.9993
0.3,0.6,1.5109,1.3654,0.34929,0.7316,0.90858,1.1001,1.4055,0.2625,0.094947,0.44379,1.9992
0.3,0.6,1.5079,1.3689,0.35152,0.73318,0.91279,1.0987,1.4049,0.27233,0.085728,0.44101,1.9991
0.3,0.6,1.505,1.3725,0.35421,0.73862,0.9172,1.0973,1.4044,0.2826,0.076903,0.43839,2
0.3,0.6,1.501,1.3758,0.35578,0.74054,0.92179,1.0961,1.4041,0.29331,0.069137,0.43725,1.9976
0.3,0.6,1.4974,1.3794,0.35838,0.74644,0.92665,1.095,1.4038,0.30464,0.061614,0.43574,1.9976
0.3,0.6,1.4921,1.3823,0.35785,0.74792,0.93154,1.0939,1.4037,0.31605,0.054661,0.43518,1.9899
0.3,0.6,1.4872,1.3855,0.35846,0.75326,0.93669,1.0928,1.4036,0.32805,0.048021,0.43449,1.9847
0.3,0.6,1.4818,1.3884,0.35818,0.7551,0.94176,1.0919,1.4036,0.33988,0.041716,0.43456,1.9773
0.3,0.6,1.4761,1.3914,0.3576,0.76007,0.94713,1.0909,1.4035,0.3524,0.03562,0.43426,1.9692
0.3,0.6,1.4703,1.3941,0.35686,0.76199,0.95244,1.0901,1.4037,0.36479,0.030074,0.43501,1.9605
0.3,0.6,1.4648,1.3972,0.35729,0.76473,0.95797,1.0892,1.4038,0.3777,0.024838,0.43573,1.9544
0.3,0.6,1.4591,1.4002,0.35767,0.7704,0.96364,1.0885,1.4041,0.39092,0.02003,0.43684,1.948
0.3,0.6,1.4529,1.4032,0.35755,0.77329,0.96954,1.0878,1.4043,0.40467,0.015748,0.43831,1.9402
0.3,0.6,1.4464,1.4059,0.35693,0.77786,0.97554,1.0873,1.4048,0.41867,0.012114,0.44052,1.9311
0.3,0.6,1.5429,1.2357,0.29246,0.66765,0.80798,1.196,1.4637,0.027855,0.71205,0.73193,2
0.3,0.6,1.5433,1.2386,0.29331,0.66926,0.80965,1.1934,1.4619,0.031766,0.69529,0.72306,1.9998
0.3,0.6,1.5438,1.2416,0.29418,0.67084,0.81132,1.1908,1.46,0.03565,0.67856,0.71354,2
0.3,0.6,1.5441,1.2445,0.29506,0.66645,0.81303,1.1882,1.4582,0.039634,0.6619,0.70476,1.9998
0.3,0.6,1.5445,1.2475,0.29595,0.66815,0.81474,1.1856,1.4564,0.043622,0.64527,0.69566,1.9998
0.3,0.6,1.5449,1.2504,0.29686,0.66988,0.81647,1.1831,1.4546,0.047658,0.62871,0.68662,1.9998
0.3,0.6,1.5452,1.2534,0.29779,0.67165,0.81822,1.1805,1.4527,0.051743,0.6122,0.67763,1.9998
0.3,0.6,1.5455,1.2565,0.29873,0.67343,0.81998,1.1779,1.4509,0.05584,0.59573,0.66835,2
0.3,0.6,1.5457,1.2595,0.29969,0.66948,0.82177,1.1754,1.4491,0.060027,0.57936,0.65947,2
0.3,0.6,1.5458,1.2624,0.30065,0.67143,0.8236,1.1729,1.4474,0.064301,0.56308,0.651,1.9998
0.3,0.6,1.5453,1.265,0.3016,0.67356,0.82554,1.1704,1.4459,0.068813,0.54708,0.64403,1.9991
0.3,0.6,1.5454,1.2681,0.3026,0.67555,0.82741,1.1679,1.4442,0.073175,0.53095,0.63535,1.9991
0.3,0.6,1.5459,1.2715,0.30366,0.67743,0.82921,1.1653,1.4421,0.077382,0.51463,0.62495,1.9998
0.3,0.6,1.546,1.2747,0.3047,0.67948,0.83112,1.1629,1.4403,0.081831,0.49859,0.61597,2
0.3,0.6,1.5458,1.2777,0.30573,0.67617,0.83311,1.1604,1.4387,0.086479,0.4828,0.60799,1.9998
0.3,0.6,1.5456,1.2808,0.30678,0.67839,0.83512,1.158,1.437,0.091151,0.46705,0.59965,1.9998
0.3,0.6,1.5454,1.284,0.30786,0.68066,0.83715,1.1555,1.4353,0.095895,0.45139,0.59138,1.9998
0.3,0.6,1.5453,1.2873,0.30897,0.68294,0.83919,1.1531,1.4336,0.10066,0.43574,0.58283,2
0.3,0.6,1.5449,1.2904,0.31007,0.6801,0.84131,1.1507,1.432,0.10561,0.42034,0.5751,1.9998
0.3,0.6,1.5445,1.2936,0.31121,0.68254,0.84344,1.1483,1.4304,0.11057,0.40495,0.56707,1.9998
0.3,0.6,1.5441,1.2968,0.31238,0.68503,0.8456,1.1459,1.4288,0.11561,0.38967,0.55914,1.9998
0.3,0.6,1.5437,1.3001,0.31359,0.68756,0.84778,1.1436,1.4271,0.1207,0.37442,0.55093,2
0.3,0.6,1.543,1.3032,0.31478,0.68519,0.85005,1.1412,1.4256,0.12597,0.35946,0.54357,1.9998
0.3,0.6,1.5418,1.306,0.31589,0.68802,0.85243,1.139,1.4245,0.13154,0.34501,0.53779,1.9989
0.3,0.6,1.5411,1.3093,0.31715,0.69078,0.85476,1.1367,1.4229,0.13697,0.33024,0.53028,1.9988
0.3,0.6,1.5411,1.3131,0.31864,0.69343,0.857,1.1343,1.421,0.14219,0.31495,0.52056,2
0.3,0.6,1.5401,1.3162,0.31994,0.6916,0.85944,1.1321,1.4196,0.14789,0.30056,0.51374,1.9998
0.3,0.6,1.5392,1.3195,0.32131,0.69458,0.86192,1.1299,1.4182,0.15366,0.2862,0.5066,1.9997
0.3,0.6,1.5383,1.3229,0.32275,0.69762,0.86443,1.1276,1.4167,0.15951,0.2719,0.49924,1.9999
0.3,0.6,1.5371,1.3261,0.32415,0.69624,0.86704,1.1255,1.4154,0.16561,0.25801,0.49277,1.9997
0.3,0.6,1.5359,1.3295,0.32563,0.69948,0.86969,1.1233,1.414,0.1718,0.2442,0.48611,1.9997
0.3,0.6,1.5348,1.3329,0.32719,0.70279,0.8724,1.1212,1.4126,0.17812,0.23048,0.47924,1.9999
0.3,0.6,1.5333,1.3361,0.32869,0.7019,0.87523,1.1191,1.4114,0.1847,0.21723,0.47333,1.9997
0.3,0.6,1.5319,1.3395,0.33029,0.70542,0.87811,1.1171,1.4102,0.19144,0.2041,0.46725,1.9997
0.3,0.6,1.5305,1.3429,0.332,0.70903,0.88108,1.1151,1.4089,0.19836,0.19112,0.46103,1.9999
0.3,0.6,1.5287,1.3461,0.33361,0.70864,0.88418,1.1132,1.4079,0.20559,0.17873,0.45585,1.9997
0.3,0.6,1.5269,1.3494,0.33533,0.71245,0.88738,1.1113,1.4068,0.21305,0.16654,0.45058,1.9996
0.3,0.6,1.5252,1.3529,0.33722,0.71637,0.89069,1.1094,1.4057,0.22076,0.15451,0.44512,2
0.3,0.6,1.5223,1.3555,0.33841,0.71642,0.89416,1.1078,1.4053,0.22886,0.14394,0.44291,1.9979
0.3,0.6,1.5208,1.3594,0.34081,0.7207,0.89766,1.1059,1.404,0.23704,0.132,0.43652,1.9995
0.3,0.6,1.5185,1.3628,0.34275,0.72134,0.90133,1.1042,1.4032,0.24559,0.12119,0.43244,1.9995
0.3,0.6,1.5161,1.3662,0.34475,0.72586,0.90513,1.1026,1.4024,0.25444,0.11078,0.42869,1.9994
0.3,0.6,1.5135,1.3696,0.34688,0.73058,0.90908,1.101,1.4017,0.26366,0.10078,0.42524,1.9994
0.3,0.6,1.51,1.3725,0.34824,0.7317,0.91315,1.0997,1.4014,0.27316,0.091963,0.42393,1.997
0.3,0.6,1.5076,1.3765,0.35126,0.73713,0.91746,1.0982,1.4006,0.28322,0.082348,0.41989,1.999
0.3,0.6,1.5045,1.3802,0.35395,0.74155,0.92196,1.0969,1.4001,0.29371,0.073787,0.41747,1.9997
0.3,0.6,1.5006,1.3835,0.35563,0.74661,0.92663,1.0957,1.3999,0.30461,0.066165,0.41635,1.9976
0.3,0.6,1.4962,1.3869,0.35676,0.75139,0.93157,1.0945,1.3997,0.31612,0.058935,0.41515,1.9939
0.3,0.6,1.4914,1.3901,0.35742,0.75562,0.93661,1.0935,1.3995,0.32787,0.052172,0.41454,1.989
0.3,0.6,1.4859,1.393,0.35685,0.75884,0.94173,1.0925,1.3995,0.33981,0.045689,0.4142,1.981
0.3,0.6,1.4806,1.3961,0.35698,0.76255,0.94697,1.0915,1.3995,0.35205,0.039571,0.41416,1.9745
0.3,0.6,1.4754,1.3992,0.35752,0.76684,0.95233,1.0906,1.3995,0.36454,0.033763,0.41437,1.9688
0.3,0.6,1.4696,1.402,0.35696,0.76966,0.95772,1.0898,1.3997,0.37711,0.028379,0.4152,1.9605
0.3,0.6,1.4632,1.4039,0.35533,0.77095,0.96287,1.0891,1.4002,0.38914,0.02367,0.41758,1.9498
0.3,0.6,1.4579,1.408,0.35714,0.77723,0.96914,1.0883,1.4002,0.40375,0.018972,0.41758,1.9463
0.3,0.6,1.4517,1.4111,0.35736,0.78107,0.97525,1.0877,1.4005,0.418,0.015032,0.41916,1.939
0.3,0.6,1.5424,1.243,0.2912,0.66512,0.81193,1.1952,1.4591,0.037082,0.70649,0.70886,2
0.3,0.6,1.5429,1.2459,0.29207,0.66669,0.81357,1.1925,1.4572,0.040895,0.68964,0.69957,2
0.3,0.6,1.5433,1.2488,0.29296,0.66834,0.81524,1.1899,1.4554,0.044785,0.67285,0.69069,1.9998
0.3,0.6,1.5438,1.2518,0.29386,0.66998,0.81691,1.1873,1.4535,0.048691,0.65612,0.6815,1.9998
0.3,0.6,1.5442,1.2547,0.29478,0.67166,0.81861,1.1847,1.4517,0.052644,0.63945,0.67237,1.9998
0.3,0.6,1.5447,1.2578,0.29571,0.67335,0.82031,1.1822,1.4498,0.056612,0.62282,0.66294,2
0.3,0.6,1.5449,1.2607,0.29665,0.66932,0.82206,1.1796,1.448,0.060693,0.60629,0.65426,1.9998
0.3,0.6,1.5453,1.2638,0.29762,0.67111,0.82379,1.177,1.4461,0.064745,0.58976,0.64493,2
0.3,0.6,1.5455,1.2668,0.29859,0.67297,0.82557,1.1745,1.4443,0.068894,0.57334,0.63601,2
0.3,0.6,1.5457,1.2699,0.29958,0.67488,0.82738,1.1719,1.4425,0.073105,0.55699,0.62716,2
0.3,0.6,1.5458,1.2729,0.30059,0.67682,0.82921,1.1694,1.4408,0.07738,0.54073,0.61838,2
0.3,0.6,1.5459,1.276,0.30161,0.67327,0.83107,1.1669,1.439,0.081723,0.52455,0.60967,2
0.3,0.6,1.5459,1.2791,0.30265,0.67533,0.83296,1.1644,1.4373,0.086127,0.50845,0.60104,2
0.3,0.6,1.5452,1.2817,0.30363,0.67764,0.835,1.162,1.436,0.090881,0.49281,0.59466,1.9991
0.3,0.6,1.5459,1.2853,0.30476,0.6796,0.83685,1.1594,1.4338,0.095194,0.47658,0.58397,2
0.3,0.6,1.5457,1.2885,0.30584,0.68182,0.83885,1.157,1.4321,0.099863,0.46082,0.5757,2
0.3,0.6,1.5454,1.2916,0.30692,0.67885,0.8409,1.1546,1.4305,0.10464,0.44521,0.56778,1.9998
0.3,0.6,1.5452,1.2948,0.30805,0.68119,0.84296,1.1521,1.4289,0.10944,0.42961,0.55958,1.9998
0.3,0.6,1.5449,1.298,0.30919,0.68358,0.84505,1.1497,1.4272,0.11432,0.41412,0.55146,1.9998
0.3,0.6,1.5446,1.3012,0.31039,0.68599,0.84716,1.1473,1.4255,0.11923,0.39866,0.54308,2
0.3,0.6,1.5442,1.3045,0.31158,0.68347,0.84932,1.145,1.4239,0.12429,0.38339,0.53515,2
0.3,0.6,1.5436,1.3076,0.31278,0.68608,0.85154,1.1426,1.4224,0.12947,0.36831,0.52768,1.9998
0.3,0.6,1.543,1.3109,0.31403,0.68872,0.85379,1.1403,1.4209,0.13471,0.35328,0.51996,1.9998
0.3,0.6,1.5425,1.3142,0.31534,0.69139,0.85606,1.1379,1.4192,0.14001,0.33829,0.51199,2
0.3,0.6,1.5417,1.3174,0.31661,0.6894,0.85842,1.1357,1.4178,0.1455,0.32362,0.50487,1.9998
0.3,0.6,1.5403,1.3202,0.31778,0.69238,0.86091,1.1335,1.4167,0.15131,0.30951,0.49938,1.9988
0.3,0.6,1.5401,1.3239,0.31932,0.69519,0.86325,1.1312,1.4149,0.15676,0.29455,0.49029,1.9998
0.3,0.6,1.5393,1.3273,0.32075,0.69361,0.86572,1.1289,1.4134,0.16254,0.28016,0.48284,2
0.3,0.6,1.5382,1.3305,0.32215,0.69673,0.8683,1.1267,1.412,0.16856,0.26616,0.47629,1.9997
0.3,0.6,1.5371,1.3338,0.32362,0.6999,0.87093,1.1246,1.4107,0.17468,0.25226,0.46954,1.9997
0.3,0.6,1.536,1.3372,0.32517,0.699,0.87361,1.1224,1.4093,0.18093,0.23845,0.4626,1.9999
0.3,0.6,1.5346,1.3405,0.32667,0.70216,0.8764,1.1204,1.4081,0.18745,0.22512,0.45662,1.9997
0.3,0.6,1.5332,1.3438,0.32825,0.70559,0.87927,1.1183,1.4068,0.19414,0.21195,0.4505,1.9997
0.3,0.6,1.5319,1.3472,0.32992,0.70496,0.88224,1.1163,1.4056,0.20107,0.19898,0.44429,1.9999
0.3,0.6,1.5302,1.3503,0.33151,0.70856,0.88533,1.1144,1.4045,0.20828,0.18656,0.43909,1.9997
0.3,0.6,1.5286,1.3536,0.3332,0.71226,0.88851,1.1125,1.4034,0.21569,0.17429,0.43376,1.9997
0.3,0.6,1.5268,1.3569,0.33494,0.71216,0.89178,1.1106,1.4024,0.22331,0.1623,0.42865,1.9996
0.3,0.6,1.5249,1.3602,0.33673,0.71611,0.89514,1.1088,1.4014,0.23115,0.15059,0.4238,1.9996
0.3,0.6,1.5228,1.3636,0.33859,0.7202,0.89861,1.107,1.4005,0.23925,0.13921,0.41922,1.9996
0.3,0.6,1.5208,1.367,0.34061,0.72213,0.9022,1.1053,1.3995,0.24762,0.12803,0.41455,1.9999
0.3,0.6,1.5185,1.3705,0.3426,0.72701,0.90592,1.1036,1.3987,0.25629,0.11735,0.41057,1.9999
0.3,0.6,1.516,1.3739,0.34466,0.73198,0.90977,1.102,1.398,0.26528,0.10709,0.40696,1.9999
0.3,0.6,1.5132,1.3773,0.34658,0.73663,0.91377,1.1005,1.3974,0.27461,0.097472,0.40419,1.9993
0.3,0.6,1.5104,1.3808,0.34878,0.74188,0.91794,1.0991,1.3969,0.28433,0.08812,0.40129,1.9993
0.3,0.6,1.5076,1.3846,0.35137,0.74741,0.92231,1.0977,1.3963,0.29452,0.079181,0.39857,2
0.3,0.6,1.504,1.388,0.35329,0.75226,0.92684,1.0964,1.396,0.30509,0.071165,0.39715,1.9986
0.3,0.6,1.5004,1.3917,0.35573,0.75802,0.93166,1.0953,1.3957,0.31633,0.063588,0.39564,1.9984
0.3,0.6,1.4959,1.3951,0.35674,0.76206,0.93663,1.0942,1.3956,0.32792,0.056636,0.39488,1.9943
0.3,0.6,1.4907,1.398,0.3567,0.7656,0.94166,1.0932,1.3955,0.33966,0.050137,0.39473,1.9876
0.3,0.6,1.4852,1.401,0.35617,0.76871,0.94693,1.0922,1.3955,0.35196,0.043836,0.39431,1.9796
0.3,0.6,1.48,1.404,0.35654,0.7724,0.95214,1.0913,1.3955,0.36411,0.037888,0.39464,1.9737
0.3,0.6,1.4747,1.4072,0.35707,0.77641,0.95758,1.0904,1.3956,0.37679,0.032364,0.39512,1.9679
0.3,0.6,1.4684,1.4098,0.35586,0.77929,0.96314,1.0896,1.3958,0.38976,0.027218,0.39593,1.958
0.3,0.6,1.4627,1.4129,0.35627,0.78266,0.96883,1.0889,1.396,0.40304,0.02248,0.3971,1.9516
0.3,0.6,1.4566,1.4158,0.35613,0.78633,0.97473,1.0882,1.3963,0.41679,0.018298,0.39872,1.9437
0.3,0.6,1.542,1.2502,0.29001,0.66867,0.81593,1.1943,1.4544,0.046407,0.70105,0.6859,2
0.3,0.6,1.5425,1.2531,0.2909,0.67023,0.81755,1.1917,1.4525,0.050178,0.68415,0.67657,2
0.3,0.6,1.543,1.256,0.29179,0.67185,0.8192,1.1891,1.4507,0.054025,0.6673,0.66763,1.9998
0.3,0.6,1.5435,1.2591,0.29271,0.67345,0.82084,1.1865,1.4488,0.057863,0.65052,0.65806,2
0.3,0.6,1.5439,1.262,0.29365,0.66931,0.82253,1.1839,1.447,0.061792,0.63378,0.64922,1.9998
0.3,0.6,1.5438,1.2647,0.29459,0.67119,0.82429,1.1813,1.4455,0.06591,0.61719,0.64184,1.9992
0.3,0.6,1.5446,1.2681,0.29557,0.6728,0.82594,1.1787,1.4433,0.06975,0.60051,0.63101,1.9998
0.3,0.6,1.545,1.2712,0.29655,0.67458,0.82767,1.1761,1.4414,0.073779,0.58396,0.62164,2
0.3,0.6,1.5453,1.2742,0.29755,0.67643,0.82943,1.1736,1.4396,0.077897,0.5675,0.61262,2
0.3,0.6,1.5455,1.2773,0.29856,0.67276,0.83123,1.171,1.4378,0.082087,0.55112,0.60382,2
0.3,0.6,1.5455,1.2803,0.29958,0.67475,0.83307,1.1685,1.4361,0.08637,0.53486,0.59536,1.9998
0.3,0.6,1.5451,1.283,0.30058,0.67692,0.835,1.166,1.4347,0.090889,0.51887,0.58843,1.9991
0.3,0.6,1.5451,1.2861,0.30163,0.67898,0.83689,1.1635,1.433,0.095293,0.50279,0.57979,1.9991
0.3,0.6,1.5458,1.2897,0.30276,0.6809,0.83871,1.161,1.4308,0.099544,0.48652,0.5691,2
0.3,0.6,1.5458,1.2929,0.30385,0.67777,0.84067,1.1585,1.4291,0.10411,0.47062,0.56056,2
0.3,0.6,1.5455,1.296,0.30494,0.68004,0.84268,1.1561,1.4275,0.10879,0.45489,0.55262,1.9998
0.3,0.6,1.5453,1.2991,0.30607,0.68233,0.8447,1.1536,1.4258,0.1135,0.43919,0.54432,1.9998
0.3,0.6,1.5451,1.3023,0.30722,0.68466,0.84676,1.1512,1.4241,0.1183,0.42359,0.53611,1.9998
0.3,0.6,1.5449,1.3056,0.30841,0.68198,0.84883,1.1488,1.4224,0.12314,0.40803,0.52763,2
0.3,0.6,1.5445,1.3088,0.30959,0.68447,0.85097,1.1464,1.4209,0.12814,0.39271,0.51997,1.9998
0.3,0.6,1.5441,1.312,0.31082,0.687,0.85314,1.144,1.4193,0.13319,0.37744,0.51205,1.9998
0.3,0.6,1.5437,1.3153,0.31209,0.68956,0.85533,1.1417,1.4176,0.13831,0.36223,0.50387,2
0.3,0.6,1.543,1.3185,0.31334,0.68743,0.85761,1.1393,1.4161,0.14361,0.3473,0.49654,1.9998
0.3,0.6,1.5418,1.3213,0.31451,0.69028,0.86001,1.1371,1.415,0.1492,0.33289,0.49082,1.9989
0.3,0.6,1.5417,1.325,0.31598,0.69296,0.86227,1.1348,1.4131,0.15448,0.31773,0.48152,1.9998
0.3,0.6,1.5411,1.3284,0.31739,0.6958,0.86465,1.1325,1.4115,0.16004,0.30307,0.47376,2
0.3,0.6,1.5401,1.3316,0.31875,0.69421,0.86714,1.1303,1.4102,0.16585,0.28881,0.46707,1.9998
0.3,0.6,1.5391,1.3349,0.32017,0.69723,0.86967,1.1281,1.4088,0.17175,0.27463,0.46008,1.9998
0.3,0.6,1.5382,1.3383,0.32168,0.70031,0.87226,1.1259,1.4073,0.17778,0.26055,0.45289,1.9999
0.3,0.6,1.537,1.3415,0.32313,0.69916,0.87496,1.1238,1.406,0.18408,0.24693,0.44668,1.9997
0.3,0.6,1.5358,1.3447,0.32465,0.70239,0.87776,1.1217,1.4048,0.19061,0.23356,0.44039,1.9997
0.3,0.6,1.5347,1.348,0.32625,0.70568,0.88064,1.1196,1.4035,0.19732,0.22031,0.43393,1.9999
0.3,0.6,1.5332,1.3512,0.32778,0.70497,0.88361,1.1176,1.4024,0.20426,0.20753,0.42843,1.9997
0.3,0.6,1.5311,1.354,0.3291,0.70848,0.88669,1.1158,1.4016,0.21143,0.19546,0.42466,1.9985
0.3,0.6,1.5303,1.3578,0.33116,0.71304,0.88977,1.1137,1.4,0.21862,0.18231,0.41687,1.9999
0.3,0.6,1.5286,1.3612,0.33288,0.71713,0.89299,1.1118,1.399,0.22615,0.17019,0.41167,1.9999
0.3,0.6,1.5268,1.3645,0.33465,0.72135,0.89632,1.11,1.398,0.23389,0.15834,0.40668,1.9999
0.3,0.6,1.5248,1.3678,0.33639,0.72535,0.89974,1.1082,1.3971,0.24188,0.14692,0.4023,1.9997
0.3,0.6,1.5227,1.3712,0.33822,0.72969,0.90328,1.1065,1.3962,0.25013,0.13577,0.39798,1.9996
0.3,0.6,1.5207,1.3748,0.34026,0.73444,0.90694,1.1048,1.3953,0.25868,0.12479,0.39347,1.9999
0.3,0.6,1.5183,1.3784,0.34226,0.73895,0.91073,1.1032,1.3945,0.26752,0.11434,0.3897,1.9999
0.3,0.6,1.5159,1.3819,0.34433,0.74333,0.91466,1.1016,1.3938,0.27668,0.1043,0.38628,1.9999
0.3,0.6,1.513,1.3854,0.3463,0.74784,0.91872,1.1001,1.3933,0.28615,0.094832,0.38357,1.9994
0.3,0.6,1.5102,1.389,0.34847,0.75273,0.92296,1.0987,1.3928,0.29604,0.085735,0.38097,1.9992
0.3,0.6,1.507,1.3926,0.35064,0.75765,0.92738,1.0974,1.3923,0.30635,0.077178,0.37883,1.9988
0.3,0.6,1.504,1.3965,0.35339,0.76294,0.93203,1.0961,1.3919,0.31719,0.069077,0.37686,1.9996
0.3,0.6,1.4988,1.3988,0.3529,0.76523,0.93656,1.0951,1.3921,0.32776,0.062249,0.37756,1.9921
0.3,0.6,1.4953,1.4033,0.35588,0.77134,0.94182,1.0939,1.3916,0.34003,0.055026,0.37544,1.9929
0.3,0.6,1.4898,1.4055,0.35501,0.77345,0.94652,1.093,1.3918,0.351,0.0487,0.3764,1.9843
0.3,0.6,1.4846,1.4092,0.35546,0.77776,0.95219,1.092,1.3916,0.36422,0.042444,0.37507,1.9785
0.3,0.6,1.4795,1.4124,0.35603,0.78217,0.95754,1.0911,1.3916,0.37669,0.036656,0.37532,1.973
0.3,0.6,1.4735,1.4152,0.35532,0.78465,0.96304,1.0903,1.3917,0.38952,0.031309,0.37595,1.9642
0.3,0.6,1.4673,1.4135,0.35307,0.78126,0.9658,1.0897,1.3936,0.39596,0.0275,0.38515,1.9524
0.3,0.6,1.4619,1.4212,0.3557,0.79247,0.9745,1.0888,1.3922,0.41624,0.022021,0.37843,1.9503
0.3,0.6,1.5415,1.2573,0.28888,0.67221,0.81999,1.1935,1.4499,0.055872,0.69575,0.66341,1.9998
0.3,0.6,1.5421,1.2603,0.28978,0.66786,0.82159,1.1909,1.448,0.059596,0.67879,0.65402,1.9998
0.3,0.6,1.5426,1.2633,0.2907,0.66946,0.8232,1.1882,1.4461,0.063355,0.66187,0.64468,1.9998
0.3,0.6,1.5426,1.2659,0.29163,0.67125,0.82489,1.1856,1.4446,0.067307,0.64502,0.63714,1.9992
0.3,0.6,1.5436,1.2693,0.29258,0.67278,0.82649,1.183,1.4423,0.071031,0.62823,0.62616,1.9998
0.3,0.6,1.544,1.2724,0.29355,0.6745,0.82817,1.1804,1.4405,0.07495,0.61152,0.61699,1.9998
0.3,0.6,1.5445,1.2755,0.29453,0.67621,0.82986,1.1778,1.4385,0.078889,0.59487,0.60745,2
0.3,0.6,1.5447,1.2785,0.29553,0.67246,0.8316,1.1752,1.4368,0.082954,0.57831,0.59883,1.9998
0.3,0.6,1.5445,1.2811,0.29652,0.67448,0.83343,1.1727,1.4353,0.087216,0.56193,0.59162,1.9992
0.3,0.6,1.5447,1.2842,0.29755,0.67639,0.83521,1.1701,1.4335,0.091378,0.54554,0.58272,1.9992
0.3,0.6,1.5454,1.2877,0.29864,0.6782,0.83695,1.1676,1.4314,0.095428,0.52908,0.57211,1.9998
0.3,0.6,1.5457,1.2909,0.29972,0.68017,0.83878,1.1651,1.4295,0.099691,0.51281,0.56293,2
0.3,0.6,1.5456,1.2939,0.30078,0.67694,0.84068,1.1626,1.4279,0.10413,0.49675,0.55472,1.9998
0.3,0.6,1.5456,1.2971,0.30188,0.67908,0.8426,1.1601,1.4262,0.1086,0.48074,0.54616,1.9998
0.3,0.6,1.545,1.2999,0.30292,0.68141,0.84464,1.1577,1.4248,0.11336,0.4651,0.53949,1.9991
0.3,0.6,1.5455,1.3035,0.30412,0.6835,0.84653,1.1552,1.4227,0.11779,0.44903,0.52929,1.9998
0.3,0.6,1.5454,1.3068,0.30529,0.68068,0.84854,1.1527,1.421,0.12246,0.43327,0.52063,2
0.3,0.6,1.5445,1.3095,0.30637,0.68321,0.8507,1.1503,1.4198,0.1275,0.41805,0.5146,1.999
0.3,0.6,1.5448,1.3131,0.30766,0.68549,0.8527,1.1479,1.4178,0.13217,0.40223,0.50467,1.9998
0.3,0.6,1.5444,1.3163,0.30888,0.68796,0.85484,1.1455,1.4161,0.13715,0.38687,0.49666,1.9998
0.3,0.6,1.544,1.3196,0.31013,0.68567,0.85702,1.1431,1.4146,0.14223,0.37164,0.48877,1.9998
0.3,0.6,1.543,1.3224,0.31129,0.6884,0.85933,1.1408,1.4134,0.14762,0.35694,0.48283,1.999
0.3,0.6,1.543,1.3261,0.31272,0.69096,0.86151,1.1385,1.4114,0.15271,0.34158,0.47333,1.9998
0.3,0.6,1.5425,1.3295,0.31409,0.69367,0.86381,1.1361,1.4098,0.15808,0.32667,0.46535,2
0.3,0.6,1.5416,1.3326,0.31541,0.69192,0.86621,1.1339,1.4084,0.16368,0.31215,0.45844,1.9998
0.3,0.6,1.5403,1.3355,0.31664,0.6949,0.86874,1.1317,1.4073,0.16957,0.29819,0.4531,1.9989
0.3,0.6,1.5401,1.3392,0.31825,0.69802,0.87119,1.1294,1.4055,0.17528,0.28347,0.4439,2
0.3,0.6,1.5392,1.3424,0.31968,0.70118,0.87384,1.1273,1.4041,0.18148,0.26966,0.43724,2
0.3,0.6,1.5375,1.3451,0.32091,0.70381,0.87661,1.1253,1.4033,0.18794,0.25661,0.433,1.9988
0.3,0.6,1.537,1.3488,0.32259,0.7076,0.87937,1.1231,1.4016,0.19436,0.24273,0.4248,1.9997
0.3,0.6,1.5358,1.3521,0.32412,0.71103,0.88223,1.1211,1.4004,0.20104,0.22954,0.41866,1.9997
0.3,0.6,1.5347,1.3556,0.32573,0.71473,0.88516,1.119,1.3991,0.20788,0.21643,0.41225,2
0.3,0.6,1.5325,1.3582,0.327,0.71683,0.8882,1.1171,1.3984,0.21496,0.20438,0.40892,1.9986
0.3,0.6,1.5318,1.3622,0.32896,0.72179,0.89129,1.1151,1.3968,0.22217,0.19123,0.40105,1.9999
0.3,0.6,1.5301,1.3655,0.33058,0.72526,0.89448,1.1132,1.3958,0.2296,0.17911,0.39614,1.9997
0.3,0.6,1.5284,1.3689,0.3323,0.72897,0.89776,1.1114,1.3948,0.23725,0.16716,0.39107,1.9997
0.3,0.6,1.5268,1.3725,0.33415,0.73293,0.90114,1.1095,1.3937,0.24516,0.15539,0.38587,1.9999
0.3,0.6,1.5247,1.3759,0.33591,0.73665,0.90463,1.1078,1.3929,0.25328,0.14415,0.38164,1.9997
0.3,0.6,1.5228,1.3795,0.33787,0.74073,0.90823,1.1061,1.392,0.26169,0.13303,0.37706,1.9999
0.3,0.6,1.5205,1.383,0.33971,0.74464,0.91194,1.1044,1.3912,0.27035,0.12248,0.37343,1.9996
0.3,0.6,1.5181,1.3866,0.34171,0.7489,0.91579,1.1028,1.3905,0.27932,0.11222,0.36982,1.9996
0.3,0.6,1.5156,1.3902,0.34378,0.75328,0.91978,1.1013,1.3898,0.28862,0.10237,0.36657,1.9995
0.3,0.6,1.5129,1.3939,0.3459,0.75777,0.92392,1.0998,1.3893,0.29828,0.092982,0.36371,1.9994
0.3,0.6,1.51,1.3976,0.34807,0.7623,0.92823,1.0985,1.3888,0.30832,0.084089,0.36128,1.9991
0.3,0.6,1.507,1.4015,0.35065,0.76695,0.93275,1.0971,1.3883,0.31887,0.075622,0.359,1.9997
0.3,0.6,1.5032,1.4049,0.35225,0.77198,0.93741,1.096,1.3881,0.32975,0.068012,0.35789,1.9975
0.3,0.6,1.4999,1.4091,0.35527,0.77779,0.9424,1.0948,1.3878,0.34138,0.060822,0.35665,1.9985
0.3,0.6,1.494,1.4115,0.35365,0.77953,0.9474,1.0938,1.3878,0.35305,0.054321,0.35657,1.9881
0.3,0.6,1.4891,1.4147,0.35435,0.7835,0.95253,1.0928,1.3878,0.36501,0.047985,0.35643,1.9831
0.3,0.6,1.484,1.4181,0.35487,0.78787,0.95795,1.0919,1.3877,0.37765,0.041951,0.35613,1.9775
0.3,0.6,1.4779,1.4205,0.35377,0.78994,0.96328,1.091,1.3879,0.39008,0.036437,0.35687,1.968
0.3,0.6,1.4731,1.424,0.35537,0.79471,0.96882,1.0902,1.388,0.40299,0.031243,0.35764,1.9645
0.3,0.6,1.4669,1.4267,0.35473,0.79752,0.9745,1.0895,1.3883,0.41625,0.026494,0.3588,1.9557
0.3,0.6,1.5412,1.2646,0.28777,0.67564,0.82407,1.1927,1.4452,0.065398,0.69061,0.64035,2
0.3,0.6,1.5419,1.2676,0.2887,0.67229,0.82564,1.19,1.4433,0.069044,0.67355,0.63088,2
0.3,0.6,1.5424,1.2706,0.28965,0.67292,0.82723,1.1874,1.4415,0.072757,0.65653,0.62181,1.9998
0.3,0.6,1.543,1.2737,0.29061,0.67452,0.82884,1.1848,1.4395,0.07651,0.63964,0.61213,2
0.3,0.6,1.5434,1.2766,0.29158,0.67134,0.83049,1.1822,1.4377,0.080365,0.62281,0.60321,1.9998
0.3,0.6,1.5438,1.2797,0.29256,0.67231,0.83215,1.1795,1.4358,0.084237,0.60603,0.59399,1.9998
0.3,0.6,1.5438,1.2825,0.29355,0.67419,0.83389,1.177,1.4342,0.088287,0.58938,0.58615,1.9994
0.3,0.6,1.5446,1.2858,0.29459,0.67589,0.83555,1.1744,1.4321,0.092172,0.57273,0.57576,1.9998
0.3,0.6,1.5449,1.2889,0.29562,0.67775,0.8373,1.1718,1.4303,0.096241,0.55621,0.56675,1.9998
0.3,0.6,1.5452,1.2921,0.29668,0.67443,0.83905,1.1692,1.4284,0.10034,0.53975,0.55738,2
0.3,0.6,1.5453,1.2951,0.29775,0.67627,0.84087,1.1667,1.4267,0.10458,0.52342,0.54896,1.9998
0.3,0.6,1.5454,1.2982,0.29884,0.6783,0.84271,1.1642,1.4249,0.10886,0.50717,0.54019,1.9998
0.3,0.6,1.545,1.301,0.29988,0.68052,0.84467,1.1617,1.4236,0.11343,0.49126,0.53333,1.9991
0.3,0.6,1.5456,1.3047,0.30107,0.68249,0.84649,1.1592,1.4214,0.11768,0.475,0.52261,2
0.3,0.6,1.5455,1.3078,0.30219,0.68295,0.84846,1.1567,1.4198,0.12227,0.45914,0.51449,1.9998
0.3,0.6,1.5455,1.3111,0.30336,0.68539,0.85043,1.1543,1.418,0.12686,0.44328,0.50575,2
0.3,0.6,1.5454,1.3143,0.30455,0.68761,0.85245,1.1518,1.4163,0.13158,0.42758,0.49737,2
0.3,0.6,1.5452,1.3176,0.30575,0.68991,0.85452,1.1494,1.4146,0.13641,0.41201,0.4892,2
0.3,0.6,1.5448,1.3207,0.30695,0.69167,0.85665,1.147,1.4131,0.14138,0.39665,0.48159,1.9998
0.3,0.6,1.5445,1.3241,0.30822,0.69409,0.85879,1.1446,1.4114,0.14638,0.3813,0.47328,2
0.3,0.6,1.544,1.3273,0.30947,0.69625,0.86102,1.1423,1.4099,0.15156,0.36622,0.46584,1.9998
0.3,0.6,1.5436,1.3306,0.31078,0.69895,0.86328,1.14,1.4083,0.15683,0.3512,0.45781,2
0.3,0.6,1.5424,1.3333,0.31195,0.69949,0.86568,1.1377,1.4072,0.16243,0.33685,0.4526,1.999
0.3,0.6,1.5424,1.337,0.31339,0.70339,0.86809,1.1354,1.4054,0.16807,0.32215,0.44358,1.9998
0.3,0.6,1.5418,1.3404,0.31476,0.70629,0.87062,1.1332,1.4039,0.17395,0.30788,0.43619,2
0.3,0.6,1.5409,1.3435,0.31611,0.70872,0.8732,1.1311,1.4026,0.17998,0.29391,0.42971,1.9998
0.3,0.6,1.5401,1.3468,0.31751,0.71135,0.87584,1.1289,1.4013,0.18614,0.28006,0.423,1.9998
0.3,0.6,1.5386,1.3496,0.31878,0.71314,0.87855,1.1268,1.4003,0.19245,0.26676,0.41834,1.9988
0.3,0.6,1.5375,1.3529,0.32023,0.71612,0.88131,1.1247,1.399,0.1989,0.25331,0.41197,1.9988
0.3,0.6,1.5364,1.3562,0.32171,0.71918,0.88414,1.1227,1.3978,0.2055,0.24005,0.40577,1.9988
0.3,0.6,1.5353,1.3596,0.32322,0.72232,0.88704,1.1207,1.3966,0.21227,0.22701,0.39976,1.9987
0.3,0.6,1.534,1.3629,0.32477,0.72554,0.89002,1.1187,1.3954,0.21921,0.21418,0.39393,1.9986
0.3,0.6,1.5334,1.367,0.32666,0.72885,0.89311,1.1166,1.3938,0.22641,0.20103,0.38599,1.9999
0.3,0.6,1.5311,1.3697,0.32797,0.73228,0.89622,1.1148,1.3932,0.23366,0.1893,0.38293,1.9985
0.3,0.6,1.5302,1.3738,0.32995,0.73581,0.89949,1.1128,1.3917,0.24129,0.1767,0.3758,1.9997
0.3,0.6,1.5285,1.3773,0.33168,0.73945,0.90282,1.111,1.3907,0.24906,0.1649,0.37085,1.9997
0.3,0.6,1.5267,1.3809,0.33346,0.7432,0.90625,1.1092,1.3898,0.25706,0.1534,0.36618,1.9996
0.3,0.6,1.5248,1.3845,0.33532,0.74709,0.90979,1.1075,1.3889,0.26532,0.14218,0.36167,1.9997
0.3,0.6,1.5227,1.3881,0.33722,0.75109,0.91344,1.1058,1.388,0.27383,0.13133,0.35755,1.9996
0.3,0.6,1.5205,1.3917,0.33917,0.75524,0.91721,1.1042,1.3872,0.28263,0.12084,0.35374,1.9996
0.3,0.6,1.5181,1.3954,0.3412,0.75954,0.92112,1.1026,1.3865,0.29174,0.11073,0.35027,1.9996
0.3,0.6,1.5156,1.3991,0.34328,0.76374,0.92516,1.1011,1.3859,0.30118,0.10107,0.34717,1.9995
0.3,0.6,1.5128,1.4028,0.34545,0.76865,0.92937,1.0997,1.3854,0.31098,0.091873,0.34448,1.9994
0.3,0.6,1.5098,1.4065,0.34756,0.77275,0.93374,1.0983,1.3849,0.32117,0.083235,0.34235,1.9989
0.3,0.6,1.5068,1.4106,0.35026,0.77709,0.93835,1.097,1.3845,0.33194,0.074969,0.34016,1.9996
0.3,0.6,1.503,1.4141,0.35192,0.78113,0.9431,1.0959,1.3843,0.34301,0.067639,0.33931,1.9975
0.3,0.6,1.4987,1.4175,0.35327,0.78505,0.9481,1.0948,1.3842,0.35467,0.0608,0.33865,1.9942
0.3,0.6,1.4938,1.4208,0.35386,0.78979,0.9532,1.0938,1.3841,0.36658,0.054292,0.33828,1.9891
0.3,0.6,1.4878,1.4224,0.3522,0.79034,0.95794,1.0929,1.3844,0.37763,0.04839,0.33973,1.9785
0.3,0.6,1.4833,1.4269,0.35432,0.79654,0.96381,1.092,1.3842,0.39132,0.042463,0.33857,1.9765
0.3,0.6,1.4775,1.4299,0.35392,0.79943,0.96944,1.0911,1.3842,0.40445,0.037087,0.33889,1.9684
0.3,0.6,1.4716,1.4325,0.35365,0.80285,0.97494,1.0904,1.3845,0.41729,0.032204,0.34021,1.9606
0.3,0.6,1.5421,1.2811,0.28942,0.6841,0.83329,1.1841,1.4355,0.086895,0.63512,0.59247,1.9993
0.3,0.6,1.5431,1.2847,0.29037,0.68561,0.83492,1.1815,1.4333,0.090686,0.6186,0.58138,1.9999
0.3,0.6,1.5436,1.2877,0.29139,0.68725,0.83653,1.1789,1.4314,0.09446,0.60171,0.57205,1.9998
0.3,0.6,1.544,1.2907,0.29243,0.68893,0.83819,1.1763,1.4295,0.098319,0.58492,0.56281,1.9998
0.3,0.6,1.5445,1.2939,0.29347,0.69031,0.83988,1.1737,1.4276,0.10226,0.56829,0.55332,2
0.3,0.6,1.5448,1.297,0.29454,0.6886,0.8416,1.1711,1.4258,0.10627,0.55169,0.54425,2
0.3,0.6,1.5451,1.3001,0.29562,0.68868,0.84335,1.1685,1.424,0.11035,0.53518,0.53526,2
0.3,0.6,1.5452,1.3031,0.29672,0.6906,0.84514,1.166,1.4222,0.11453,0.51876,0.52672,1.9998
0.3,0.6,1.5453,1.3063,0.29783,0.69255,0.84697,1.1635,1.4204,0.1188,0.50251,0.51794,1.9998
0.3,0.6,1.5454,1.3095,0.29894,0.69456,0.84885,1.161,1.4187,0.12319,0.48639,0.50928,1.9998
0.3,0.6,1.5455,1.3127,0.30007,0.69662,0.85078,1.1585,1.417,0.12768,0.47041,0.50074,1.9998
0.3,0.6,1.5455,1.3159,0.30122,0.69873,0.85275,1.156,1.4153,0.13227,0.45456,0.49231,1.9998
0.3,0.6,1.5455,1.3193,0.3024,0.70049,0.85476,1.1536,1.4135,0.13697,0.43884,0.48363,2
0.3,0.6,1.5453,1.3226,0.30359,0.70145,0.85683,1.1512,1.4119,0.1418,0.42328,0.47548,2
0.3,0.6,1.5451,1.3258,0.3048,0.70294,0.85896,1.1488,1.4102,0.14676,0.40788,0.46745,2
0.3,0.6,1.5449,1.3291,0.30603,0.70453,0.86114,1.1464,1.4086,0.15186,0.39267,0.45956,2
0.3,0.6,1.544,1.3318,0.30723,0.70493,0.86338,1.1441,1.4075,0.15708,0.37775,0.45365,1.9993
0.3,0.6,1.5441,1.3355,0.30853,0.70753,0.86575,1.1418,1.4056,0.16259,0.36296,0.44471,1.9998
0.3,0.6,1.5437,1.3388,0.30982,0.70971,0.86814,1.1395,1.4041,0.16817,0.34833,0.43707,2
0.3,0.6,1.5426,1.3415,0.31106,0.7123,0.87055,1.1373,1.403,0.17379,0.33399,0.4316,1.9992
0.3,0.6,1.5419,1.3446,0.31236,0.7149,0.87303,1.1351,1.4017,0.17959,0.31977,0.42498,1.999
0.3,0.6,1.5418,1.3485,0.31381,0.71747,0.87561,1.1328,1.3999,0.18561,0.30547,0.41618,1.9998
0.3,0.6,1.541,1.3518,0.3152,0.72019,0.87822,1.1307,1.3985,0.19169,0.29152,0.40939,1.9998
0.3,0.6,1.5402,1.3551,0.31662,0.72297,0.88089,1.1285,1.3972,0.19791,0.27775,0.40275,1.9998
0.3,0.6,1.5393,1.3585,0.31807,0.72583,0.88362,1.1264,1.3958,0.20428,0.26416,0.39627,1.9998
0.3,0.6,1.5377,1.3613,0.31938,0.72844,0.88638,1.1244,1.395,0.21072,0.2511,0.39188,1.9988
0.3,0.6,1.5372,1.3653,0.32106,0.73178,0.88929,1.1223,1.3933,0.2175,0.23759,0.38384,1.9997
0.3,0.6,1.536,1.3687,0.32261,0.73488,0.89223,1.1203,1.3921,0.22436,0.22463,0.3779,1.9997
0.3,0.6,1.5349,1.3723,0.32425,0.73807,0.89526,1.1183,1.3909,0.23143,0.2118,0.37169,2
0.3,0.6,1.5334,1.3756,0.32581,0.74044,0.89835,1.1164,1.3899,0.23863,0.19941,0.36663,1.9997
0.3,0.6,1.5321,1.3793,0.32755,0.74462,0.90155,1.1145,1.3887,0.2461,0.18707,0.36085,2
0.3,0.6,1.5303,1.3827,0.32919,0.74721,0.90481,1.1126,1.3878,0.2537,0.17522,0.35625,1.9997
0.3,0.6,1.5288,1.3864,0.33103,0.75018,0.9082,1.1108,1.3867,0.26162,0.16341,0.35093,2
0.3,0.6,1.5268,1.3899,0.33278,0.75386,0.91166,1.109,1.3858,0.26967,0.15212,0.34673,1.9997
0.3,0.6,1.5243,1.3928,0.33426,0.75575,0.91515,1.1074,1.3853,0.27781,0.14153,0.34407,1.9984
0.3,0.6,1.5228,1.3972,0.33657,0.76054,0.91893,1.1056,1.3842,0.28664,0.13035,0.33843,1.9996
0.3,0.6,1.5205,1.4008,0.33855,0.76406,0.92275,1.104,1.3834,0.29555,0.12,0.33475,1.9996
0.3,0.6,1.5183,1.4048,0.34076,0.7683,0.92674,1.1025,1.3827,0.30485,0.10993,0.33101,2
0.3,0.6,1.5148,1.4075,0.342,0.77166,0.93065,1.1011,1.3825,0.31397,0.10108,0.33014,1.9974
0.3,0.6,1.5127,1.4121,0.34493,0.77659,0.93507,1.0996,1.3816,0.32429,0.091536,0.32592,1.9993
0.3,0.6,1.509,1.4149,0.34621,0.78092,0.93928,1.0984,1.3815,0.33411,0.083538,0.3255,1.9965
0.3,0.6,1.5067,1.4201,0.34994,0.78672,0.94423,1.0971,1.3808,0.34564,0.075098,0.32197,1.9997
0.3,0.6,1.5026,1.4235,0.35151,0.79051,0.94906,1.096,1.3807,0.3569,0.06806,0.3214,1.9972
0.3,0.6,1.4977,1.4266,0.35175,0.79352,0.95413,1.0949,1.3806,0.36874,0.061454,0.32095,1.9912
0.3,0.6,1.4931,1.43,0.35301,0.79797,0.95932,1.094,1.3806,0.38084,0.055206,0.32081,1.9875
0.3,0.6,1.4877,1.433,0.35298,0.80103,0.96463,1.093,1.3806,0.39323,0.049284,0.32094,1.9806
0.3,0.6,1.4819,1.4357,0.35256,0.8041,0.97008,1.0922,1.3807,0.40595,0.043851,0.32151,1.9725
0.3,0.6,1.4761,1.4385,0.3525,0.80714,0.97566,1.0914,1.3809,0.41896,0.038787,0.3224,1.9652
0.3,0.6,1.5442,1.303,0.29201,0.70003,0.84493,1.1733,1.4235,0.11404,0.56598,0.53304,2
0.3,0.6,1.5449,1.3092,0.29423,0.6992,0.84836,1.1682,1.4198,0.12204,0.53274,0.5149,2
0.3,0.6,1.5447,1.3117,0.29543,0.69997,0.85005,1.1655,1.4184,0.12598,0.5158,0.50758,1.9994
0.3,0.6,1.5452,1.3153,0.29651,0.70181,0.85195,1.1631,1.4163,0.13042,0.49995,0.49755,1.9998
0.3,0.6,1.5453,1.3185,0.29765,0.70374,0.85384,1.1606,1.4146,0.13483,0.48388,0.48891,1.9998
0.3,0.6,1.545,1.3212,0.29883,0.70578,0.85574,1.1581,1.4131,0.13924,0.46771,0.48175,1.9994
0.3,0.6,1.545,1.3244,0.29999,0.70781,0.85775,1.1556,1.4115,0.14394,0.45202,0.47345,1.9993
0.3,0.6,1.5454,1.328,0.30115,0.70982,0.85991,1.1533,1.4096,0.14897,0.4368,0.46404,1.9998
0.3,0.6,1.5449,1.3308,0.30235,0.71198,0.86198,1.1508,1.4082,0.15381,0.42127,0.4574,1.9993
0.3,0.6,1.5451,1.3344,0.30356,0.71409,0.86425,1.1485,1.4064,0.15911,0.40631,0.44822,1.9998
0.3,0.6,1.5445,1.3409,0.30605,0.71857,0.86879,1.1439,1.4033,0.16969,0.37639,0.43289,1.9998
0.3,0.6,1.5442,1.3442,0.30733,0.71987,0.87113,1.1416,1.4017,0.17516,0.36165,0.42542,1.9998
0.3,0.6,1.5437,1.3475,0.30864,0.72269,0.87353,1.1393,1.4003,0.18074,0.34706,0.41808,1.9998
0.3,0.6,1.5433,1.3509,0.30998,0.72451,0.87599,1.1371,1.3987,0.18649,0.33264,0.41051,2
0.3,0.6,1.5426,1.3541,0.31132,0.72556,0.87848,1.1349,1.3974,0.19228,0.31837,0.40381,1.9998
0.3,0.6,1.542,1.3574,0.31271,0.72764,0.88104,1.1327,1.396,0.19826,0.30427,0.3969,1.9998
0.3,0.6,1.5412,1.3608,0.31412,0.73057,0.88365,1.1305,1.3946,0.20436,0.29035,0.39013,1.9998
0.3,0.6,1.5398,1.3635,0.31545,0.73131,0.88625,1.1284,1.3937,0.21041,0.27675,0.38541,1.9989
0.3,0.6,1.5396,1.3677,0.31705,0.73442,0.8891,1.1263,1.3919,0.21707,0.26305,0.37671,2
0.3,0.6,1.5379,1.3703,0.31839,0.73703,0.8918,1.1242,1.3911,0.22337,0.24994,0.37273,1.9988
0.3,0.6,1.5368,1.3737,0.31991,0.74001,0.89469,1.1222,1.3899,0.23009,0.23685,0.36666,1.9988
0.3,0.6,1.5356,1.3772,0.32146,0.74308,0.89765,1.1202,1.3887,0.237,0.22399,0.3608,1.9987
0.3,0.6,1.5345,1.3808,0.32309,0.74624,0.90071,1.1182,1.3874,0.24415,0.2113,0.35465,1.9989
0.3,0.6,1.5331,1.3843,0.32473,0.74949,0.90383,1.1163,1.3863,0.25142,0.19889,0.34918,1.9989
0.3,0.6,1.5321,1.3885,0.3266,0.75286,0.90712,1.1144,1.385,0.25911,0.18649,0.34247,1.9997
0.3,0.6,1.5306,1.3921,0.32836,0.75633,0.91044,1.1125,1.3839,0.26683,0.17459,0.33737,1.9997
0.3,0.6,1.5289,1.3957,0.33015,0.75991,0.91384,1.1107,1.383,0.27476,0.163,0.33261,1.9997
0.3,0.6,1.527,1.3993,0.33199,0.76361,0.91734,1.109,1.3821,0.28294,0.15172,0.32811,1.9997
0.3,0.6,1.525,1.403,0.3339,0.767,0.92096,1.1073,1.3812,0.29138,0.14077,0.32391,1.9997
0.3,0.6,1.523,1.4069,0.33595,0.77139,0.92473,1.1056,1.3804,0.30016,0.13009,0.31969,1.9999
0.3,0.6,1.5201,1.4097,0.33743,0.77313,0.92839,1.1041,1.38,0.3087,0.12037,0.31808,1.9982
0.3,0.6,1.5181,1.4142,0.33994,0.77798,0.93255,1.1025,1.3791,0.31842,0.11021,0.31336,1.9994
0.3,0.6,1.5157,1.4182,0.34233,0.78209,0.93677,1.101,1.3784,0.32824,0.10075,0.3101,1.9999
0.3,0.6,1.5127,1.4218,0.34439,0.78524,0.94104,1.0997,1.378,0.33822,0.092068,0.30819,1.9992
0.3,0.6,1.5096,1.4256,0.34672,0.78955,0.94556,1.0984,1.3777,0.34875,0.083818,0.30632,1.9989
0.3,0.6,1.5061,1.4295,0.34904,0.79469,0.95032,1.0972,1.3774,0.35985,0.076214,0.30493,1.9984
0.3,0.6,1.5027,1.4338,0.35197,0.80029,0.95537,1.0961,1.3772,0.37164,0.069204,0.30385,1.999
0.3,0.6,1.4979,1.437,0.35262,0.80351,0.96054,1.0952,1.3771,0.38369,0.062851,0.30361,1.9939
0.3,0.6,1.4921,1.4394,0.35179,0.80586,0.9657,1.0942,1.3772,0.39572,0.056921,0.30403,1.985
0.3,0.6,1.4869,1.4425,0.35244,0.80963,0.9711,1.0934,1.3773,0.40831,0.05131,0.30444,1.9795
0.3,0.6,1.4813,1.4454,0.35269,0.81248,0.97662,1.0925,1.3774,0.42118,0.046068,0.30518,1.9729
0.3,0.6,1.5448,1.3399,0.30095,0.72096,0.86778,1.1508,1.4046,0.16734,0.42108,0.43977,1.9992
0.3,0.6,1.5446,1.3431,0.30218,0.72307,0.86997,1.1485,1.4031,0.17244,0.40595,0.43189,1.9992
0.3,0.6,1.5449,1.3471,0.30339,0.72519,0.87237,1.1462,1.4011,0.17805,0.39141,0.42238,1.9998
0.3,0.6,1.5447,1.3504,0.30467,0.72741,0.87466,1.1439,1.3996,0.18338,0.3765,0.41465,1.9999
0.3,0.6,1.5443,1.3537,0.30598,0.72969,0.87699,1.1416,1.398,0.18882,0.36173,0.40715,1.9999
0.3,0.6,1.5439,1.357,0.3073,0.73203,0.87937,1.1393,1.3966,0.19437,0.3471,0.39988,1.9998
0.3,0.6,1.5428,1.3636,0.31004,0.7368,0.88431,1.1349,1.3937,0.20589,0.31838,0.38558,1.9998
0.3,0.6,1.5422,1.367,0.31145,0.73926,0.88687,1.1327,1.3923,0.21186,0.30429,0.37866,1.9998
0.3,0.6,1.5415,1.3704,0.31288,0.74115,0.88949,1.1305,1.3909,0.21797,0.29037,0.3719,1.9998
0.3,0.6,1.5407,1.3738,0.31435,0.74295,0.89218,1.1284,1.3896,0.22424,0.27666,0.36531,1.9998
0.3,0.6,1.5398,1.3772,0.31585,0.74588,0.89493,1.1263,1.3883,0.23066,0.26314,0.35888,1.9998
0.3,0.6,1.5388,1.3807,0.31739,0.74734,0.89775,1.1242,1.387,0.23725,0.24983,0.35265,1.9998
0.3,0.6,1.5377,1.3842,0.31895,0.75048,0.90065,1.1222,1.3858,0.24401,0.23675,0.3466,1.9998
0.3,0.6,1.5365,1.3877,0.32056,0.75273,0.90363,1.1202,1.3846,0.25094,0.22388,0.34075,1.9997
0.3,0.6,1.5354,1.3914,0.32224,0.75541,0.90671,1.1182,1.3834,0.25815,0.21123,0.33471,1.9999
0.3,0.6,1.5339,1.3947,0.32389,0.7585,0.90982,1.1163,1.3824,0.26539,0.1989,0.32967,1.9997
0.3,0.6,1.5324,1.3983,0.32562,0.7611,0.91305,1.1144,1.3813,0.27292,0.18679,0.32447,1.9997
0.3,0.6,1.5309,1.4021,0.32747,0.76457,0.91641,1.1126,1.3802,0.28075,0.1749,0.31911,1.9999
0.3,0.6,1.5286,1.4049,0.32899,0.76805,0.91965,1.1108,1.3797,0.28831,0.16372,0.31632,1.9987
0.3,0.6,1.5241,1.4049,0.32952,0.76676,0.9224,1.1093,1.3804,0.29474,0.15401,0.31993,1.9934
0.3,0.6,1.5252,1.413,0.3331,0.77564,0.92698,1.1074,1.3776,0.30542,0.14136,0.30616,1.9997
0.3,0.6,1.5231,1.4167,0.33512,0.77961,0.93076,1.1057,1.3769,0.31422,0.13089,0.30236,1.9997
0.3,0.6,1.5207,1.4204,0.33718,0.78328,0.93465,1.1042,1.3762,0.32331,0.12084,0.29902,1.9995
0.3,0.6,1.5182,1.4242,0.33937,0.78649,0.93872,1.1027,1.3755,0.33281,0.11119,0.29585,1.9995
0.3,0.6,1.5155,1.4281,0.34161,0.79063,0.94294,1.1012,1.375,0.34264,0.10204,0.2932,1.9994
0.3,0.6,1.5126,1.4319,0.34392,0.79489,0.94733,1.0999,1.3746,0.35289,0.093415,0.29101,1.9993
0.3,0.6,1.5085,1.4344,0.345,0.79723,0.95155,1.0987,1.3746,0.36273,0.085843,0.29111,1.9957
0.3,0.6,1.5059,1.4396,0.34871,0.80297,0.95673,1.0975,1.374,0.3748,0.077993,0.2882,1.9985
0.3,0.6,1.5022,1.4438,0.35141,0.80854,0.96189,1.0965,1.3738,0.38685,0.071298,0.2874,1.9983
0.3,0.6,1.4971,1.4466,0.35167,0.81155,0.96701,1.0955,1.3739,0.39879,0.065265,0.28773,1.9921
0.3,0.6,1.4916,1.4494,0.3517,0.81422,0.97235,1.0946,1.374,0.41123,0.059508,0.28803,1.9852
0.3,0.6,1.486,1.4522,0.35178,0.81761,0.97787,1.0938,1.3741,0.4241,0.05422,0.28871,1.9781
0.3,0.6,1.5444,1.36,0.30318,0.73647,0.88081,1.144,1.3964,0.19773,0.37744,0.39915,1.9993
0.3,0.6,1.544,1.3632,0.30451,0.73869,0.88313,1.1417,1.3949,0.20313,0.36267,0.39161,1.9993
0.3,0.6,1.5441,1.3672,0.30582,0.74097,0.88568,1.1395,1.3931,0.20909,0.34852,0.38287,1.9998
0.3,0.6,1.5436,1.3706,0.30721,0.74332,0.88811,1.1373,1.3917,0.21476,0.33405,0.37552,1.9999
0.3,0.6,1.5431,1.3739,0.30863,0.74574,0.8906,1.1351,1.3902,0.22056,0.31973,0.3684,1.9998
0.3,0.6,1.5424,1.3773,0.31007,0.74824,0.89313,1.1329,1.3888,0.22647,0.30558,0.36154,1.9998
0.3,0.6,1.5419,1.3809,0.31155,0.7508,0.8958,1.1307,1.3874,0.23268,0.29171,0.3543,2
0.3,0.6,1.541,1.3841,0.31305,0.75344,0.89843,1.1286,1.3861,0.23884,0.27792,0.34805,1.9998
0.3,0.6,1.5401,1.3876,0.31459,0.75563,0.90118,1.1265,1.3848,0.24525,0.26439,0.34162,1.9998
0.3,0.6,1.5386,1.3903,0.31609,0.75661,0.90384,1.1244,1.3838,0.25144,0.25101,0.3369,1.9991
0.3,0.6,1.5382,1.3947,0.31778,0.7617,0.90694,1.1224,1.3822,0.25867,0.23799,0.32901,2
0.3,0.6,1.5369,1.398,0.31941,0.7628,0.90988,1.1204,1.3811,0.26553,0.22513,0.32347,1.9998
0.3,0.6,1.5356,1.4016,0.3211,0.76545,0.91294,1.1184,1.38,0.27267,0.21252,0.31783,1.9998
0.3,0.6,1.5342,1.4051,0.32283,0.76801,0.91608,1.1165,1.3789,0.28,0.20017,0.31242,1.9998
0.3,0.6,1.5327,1.4087,0.3246,0.76965,0.91931,1.1146,1.3779,0.28753,0.18811,0.30735,1.9997
0.3,0.6,1.5312,1.4125,0.32648,0.77397,0.9227,1.1128,1.3768,0.29542,0.17628,0.30202,1.9999
0.3,0.6,1.5288,1.4152,0.32807,0.77639,0.9259,1.111,1.3762,0.30289,0.16506,0.29929,1.9987
0.3,0.6,1.5269,1.4188,0.32998,0.78004,0.92944,1.1093,1.3754,0.31115,0.15396,0.29495,1.9986
0.3,0.6,1.5249,1.4225,0.33193,0.78384,0.9331,1.1076,1.3745,0.31969,0.14323,0.29092,1.9985
0.3,0.6,1.5232,1.4271,0.33436,0.78793,0.93713,1.106,1.3735,0.3291,0.13255,0.28553,1.9997
0.3,0.6,1.5208,1.4308,0.33648,0.79205,0.94106,1.1044,1.3728,0.33827,0.12262,0.28229,1.9995
0.3,0.6,1.5183,1.4346,0.33873,0.796,0.94518,1.103,1.3722,0.34788,0.11311,0.27925,1.9995
0.3,0.6,1.5157,1.4387,0.34123,0.79958,0.94954,1.1015,1.3716,0.35804,0.10402,0.27631,2
0.3,0.6,1.5127,1.4426,0.34369,0.80337,0.95401,1.1002,1.3712,0.36846,0.095585,0.27427,2
0.3,0.6,1.5095,1.4465,0.34619,0.80756,0.95867,1.099,1.3709,0.37932,0.087792,0.27285,1.9998
0.3,0.6,1.5056,1.4499,0.34821,0.81127,0.96345,1.0979,1.3708,0.39047,0.080725,0.2723,1.9982
0.3,0.6,1.5015,1.4536,0.35027,0.8166,0.96858,1.0969,1.3707,0.40244,0.074363,0.27207,1.9962
0.3,0.6,1.4958,1.4561,0.34975,0.8181,0.97392,1.096,1.3708,0.4149,0.068593,0.27235,1.9881
0.3,0.6,1.4905,1.4591,0.35047,0.82233,0.97935,1.0952,1.3709,0.42757,0.063143,0.27293,1.9825
0.3,0.6,1.5439,1.3815,0.30562,0.75238,0.89489,1.1377,1.3885,0.23058,0.33687,0.35973,1.9999
0.3,0.6,1.5434,1.3849,0.30707,0.75474,0.89736,1.1355,1.387,0.23632,0.32248,0.35255,1.9999
0.3,0.6,1.5428,1.3882,0.30856,0.75718,0.89988,1.1333,1.3856,0.24221,0.3083,0.34554,1.9999
0.3,0.6,1.5421,1.3916,0.31008,0.75969,0.90248,1.1311,1.3842,0.24826,0.29431,0.33871,1.9998
0.3,0.6,1.5414,1.3952,0.31162,0.76228,0.90519,1.129,1.3828,0.25459,0.2806,0.33176,2
0.3,0.6,1.5404,1.3984,0.31321,0.76461,0.90787,1.1269,1.3816,0.26085,0.26696,0.32559,1.9998
0.3,0.6,1.5366,1.3971,0.31459,0.76247,0.9093,1.1246,1.3821,0.26418,0.25211,0.32828,1.9958
0.3,0.6,1.5384,1.4053,0.31647,0.76929,0.91356,1.1228,1.3791,0.27411,0.24049,0.31334,1.9998
0.3,0.6,1.5373,1.4089,0.31817,0.7719,0.91654,1.1208,1.3779,0.28107,0.22763,0.30737,1.9998
0.3,0.6,1.5359,1.4123,0.31989,0.77487,0.91959,1.1188,1.3768,0.28817,0.21501,0.30183,1.9998
0.3,0.6,1.5346,1.4159,0.32167,0.77465,0.92274,1.1169,1.3757,0.29552,0.20269,0.29644,1.9997
0.3,0.6,1.5331,1.4195,0.32351,0.7802,0.92599,1.115,1.3746,0.30311,0.19061,0.29116,1.9998
0.3,0.6,1.5314,1.423,0.32538,0.78155,0.92932,1.1132,1.3736,0.31087,0.17885,0.28635,1.9997
0.3,0.6,1.529,1.4255,0.32703,0.78471,0.93243,1.1114,1.3731,0.31812,0.16757,0.28379,1.9984
0.3,0.6,1.5272,1.4294,0.32906,0.78838,0.93607,1.1097,1.3721,0.32661,0.15646,0.27894,1.9987
0.3,0.6,1.5257,1.434,0.3314,0.79231,0.94004,1.108,1.371,0.33589,0.1456,0.27329,1.9997
0.3,0.6,1.5229,1.4367,0.33314,0.79608,0.94355,1.1064,1.3706,0.34407,0.13555,0.27137,1.9984
0.3,0.6,1.5179,1.4354,0.33339,0.79445,0.94583,1.1051,1.3716,0.34939,0.12668,0.2764,1.9921
0.3,0.6,1.5185,1.4455,0.33818,0.8037,0.95207,1.1034,1.3689,0.36394,0.11599,0.26316,1.9999
0.3,0.6,1.5157,1.4493,0.3406,0.80825,0.95639,1.102,1.3685,0.37402,0.10714,0.26077,1.9999
0.3,0.6,1.5118,1.4515,0.34194,0.80893,0.96028,1.1008,1.3685,0.38309,0.09923,0.26107,1.9969
0.3,0.6,1.5084,1.4551,0.34419,0.81378,0.96491,1.0996,1.3683,0.39389,0.091607,0.25979,1.9959
0.3,0.6,1.5044,1.4585,0.34601,0.81818,0.96977,1.0986,1.3681,0.40523,0.084718,0.25917,1.9937
0.3,0.6,1.5008,1.4639,0.34949,0.82437,0.97572,1.0976,1.3678,0.4191,0.07839,0.25731,1.9949
0.3,0.6,1.4957,1.4674,0.35071,0.82764,0.98135,1.0967,1.3678,0.43222,0.072803,0.25736,1.9905
0.3,0.6,1.5424,1.403,0.30849,0.7687,0.90967,1.1317,1.3813,0.26504,0.29837,0.32411,1.9998
0.3,0.6,1.5418,1.4066,0.31008,0.77112,0.91238,1.1296,1.3798,0.27136,0.28465,0.317,2
0.3,0.6,1.5408,1.4098,0.31172,0.77371,0.91502,1.1275,1.3786,0.27752,0.27087,0.31072,1.9998
0.3,0.6,1.5399,1.4133,0.31339,0.77654,0.9178,1.1254,1.3773,0.28401,0.25744,0.30437,1.9998
0.3,0.6,1.5389,1.4169,0.31511,0.77927,0.92073,1.1234,1.376,0.29084,0.24434,0.29793,2
0.3,0.6,1.5376,1.4202,0.31685,0.78016,0.92361,1.1213,1.3748,0.29756,0.23132,0.29231,1.9998
0.3,0.6,1.5363,1.4236,0.31863,0.78335,0.92663,1.1194,1.3737,0.3046,0.21864,0.28671,1.9998
0.3,0.6,1.5351,1.4273,0.32051,0.78635,0.92985,1.1174,1.3725,0.3121,0.2063,0.28085,2
0.3,0.6,1.5328,1.4294,0.32218,0.78637,0.9326,1.1155,1.372,0.31851,0.19403,0.27809,1.9987
0.3,0.6,1.5311,1.4329,0.32408,0.78972,0.93592,1.1137,1.371,0.32627,0.18233,0.27319,1.9986
0.3,0.6,1.5295,1.4368,0.3261,0.79323,0.93946,1.112,1.3699,0.33451,0.17097,0.26809,1.9988
0.3,0.6,1.5275,1.4404,0.3281,0.79685,0.94302,1.1102,1.3691,0.34282,0.15997,0.2638,1.9986
0.3,0.6,1.5254,1.444,0.33019,0.80062,0.94671,1.1086,1.3683,0.35142,0.14932,0.25983,1.9985
0.3,0.6,1.5236,1.4487,0.33274,0.80476,0.95091,1.107,1.3672,0.36124,0.13893,0.25451,1.9997
0.3,0.6,1.5212,1.4525,0.33503,0.8089,0.95492,1.1055,1.3665,0.37058,0.12915,0.25131,1.9996
0.3,0.6,1.5185,1.4562,0.3374,0.81144,0.95909,1.104,1.366,0.3803,0.11987,0.24855,1.9995
0.3,0.6,1.515,1.4586,0.33915,0.81363,0.96289,1.1027,1.3659,0.38918,0.11137,0.2481,1.9975
0.3,0.6,1.5117,1.4622,0.34148,0.81739,0.96737,1.1014,1.3656,0.39962,0.1033,0.24643,1.9969
0.3,0.6,1.5057,1.459,0.34006,0.81516,0.96907,1.1004,1.3671,0.40358,0.096423,0.25387,1.9867
0.3,0.6,1.5048,1.4712,0.34735,0.82831,0.97784,1.0992,1.3649,0.42403,0.089131,0.24308,1.9974
0.3,0.6,1.5002,1.475,0.3494,0.83089,0.9834,1.0983,1.3648,0.43701,0.083318,0.24291,1.9949
0.3,0.6,1.5403,1.4252,0.31192,0.78479,0.92531,1.1262,1.3744,0.30151,0.26241,0.29042,1.9998
0.3,0.6,1.5392,1.4286,0.31369,0.78765,0.92813,1.1241,1.3732,0.3081,0.24912,0.28419,1.9998
0.3,0.6,1.538,1.432,0.3155,0.78766,0.93104,1.1221,1.372,0.31489,0.23608,0.27817,1.9998
0.3,0.6,1.5361,1.434,0.31728,0.78876,0.93354,1.12,1.3712,0.32072,0.22277,0.27445,1.9988
0.3,0.6,1.5347,1.4374,0.31915,0.79184,0.93664,1.1181,1.3701,0.32795,0.2104,0.26895,1.9988
0.3,0.6,1.5331,1.4409,0.32105,0.79504,0.93984,1.1162,1.3691,0.33542,0.19837,0.26374,1.9987
0.3,0.6,1.5315,1.4444,0.32303,0.79836,0.94315,1.1144,1.3681,0.34314,0.18664,0.25881,1.9986
0.3,0.6,1.5298,1.4482,0.32511,0.80186,0.9467,1.1126,1.367,0.35142,0.1753,0.25367,1.9988
0.3,0.6,1.5278,1.4518,0.3272,0.80547,0.95026,1.1109,1.3661,0.35971,0.16431,0.24938,1.9987
0.3,0.6,1.5261,1.4565,0.32969,0.80945,0.95438,1.1093,1.365,0.36933,0.15364,0.24369,1.9997
0.3,0.6,1.5208,1.4532,0.32997,0.80717,0.95559,1.1077,1.3663,0.37215,0.14369,0.25036,1.9929
0.3,0.6,1.5212,1.4638,0.33438,0.81562,0.96226,1.1062,1.3636,0.38771,0.13371,0.23698,1.9996
0.3,0.6,1.5179,1.4661,0.33624,0.81722,0.96588,1.1048,1.3635,0.39615,0.12471,0.2362,1.9979
0.3,0.6,1.5148,1.4696,0.33858,0.82127,0.97018,1.1034,1.3631,0.40619,0.11618,0.23414,1.9973
0.3,0.6,1.5121,1.4749,0.34212,0.82671,0.97547,1.1022,1.3624,0.41851,0.10804,0.2306,1.9993
0.3,0.6,1.5086,1.4791,0.34522,0.83209,0.98053,1.1011,1.3621,0.43031,0.10087,0.22929,1.9997
0.3,0.6,1.5045,1.4828,0.3479,0.83561,0.9857,1.1001,1.3621,0.44238,0.094633,0.22919,1.9988
0.3,0.6,1.5406,1.4377,0.31047,0.79209,0.93316,1.1271,1.3718,0.31984,0.26844,0.27739,1.9998
0.3,0.6,1.5396,1.441,0.3123,0.79474,0.93594,1.125,1.3705,0.32631,0.255,0.27103,1.9998
0.3,0.6,1.5385,1.4445,0.31419,0.79771,0.9389,1.123,1.3692,0.33321,0.24198,0.26461,2
0.3,0.6,1.5372,1.4478,0.31612,0.79783,0.94186,1.121,1.368,0.34013,0.22908,0.2587,2
0.3,0.6,1.535,1.4494,0.31801,0.80072,0.94423,1.1189,1.3674,0.34565,0.21573,0.2555,1.9988
0.3,0.6,1.5334,1.4528,0.31998,0.80389,0.94741,1.117,1.3663,0.35307,0.20366,0.25021,1.9987
0.3,0.6,1.5317,1.4562,0.32203,0.80719,0.9507,1.1152,1.3653,0.36074,0.19188,0.24523,1.9986
0.3,0.6,1.5305,1.4612,0.3244,0.81085,0.95473,1.1135,1.3639,0.37014,0.18074,0.23833,1.9998
0.3,0.6,1.5285,1.4647,0.32663,0.81448,0.95829,1.1117,1.363,0.37845,0.16964,0.23399,1.9997
0.3,0.6,1.5262,1.4682,0.32895,0.81764,0.962,1.1101,1.3622,0.3871,0.15898,0.23004,1.9997
0.3,0.6,1.5238,1.4718,0.33134,0.81994,0.96587,1.1085,1.3615,0.39611,0.14881,0.22651,1.9997
0.3,0.6,1.5212,1.4754,0.33382,0.82315,0.9699,1.107,1.3609,0.40552,0.13915,0.22342,1.9996
0.3,0.6,1.5178,1.4774,0.33577,0.82552,0.97343,1.1056,1.3608,0.41375,0.13013,0.22273,1.9979
0.3,0.6,1.5151,1.4826,0.3391,0.83069,0.97855,1.1043,1.36,0.42569,0.12161,0.2188,1.9994
0.3,0.6,1.5117,1.4863,0.34188,0.83564,0.98321,1.1031,1.3597,0.43658,0.11392,0.21744,1.9992
0.3,0.6,1.5078,1.4899,0.34464,0.8392,0.98813,1.102,1.3596,0.44803,0.10705,0.21682,1.9986
0.3,0.6,1.5368,1.4585,0.31491,0.80676,0.94908,1.1218,1.366,0.35696,0.23439,0.24841,1.9989
0.3,0.6,1.5355,1.4622,0.31694,0.80981,0.95228,1.1199,1.3647,0.36442,0.22209,0.24225,1.9991
0.3,0.6,1.5339,1.4655,0.31902,0.81295,0.95543,1.118,1.3636,0.37176,0.20991,0.23687,1.999
0.3,0.6,1.5321,1.4688,0.32115,0.81623,0.95869,1.1162,1.3626,0.37936,0.19805,0.23182,1.9989
0.3,0.6,1.5302,1.4722,0.32336,0.81805,0.96208,1.1144,1.3616,0.38729,0.18659,0.22711,1.9988
0.3,0.6,1.5281,1.4755,0.32562,0.82004,0.9656,1.1127,1.3608,0.39549,0.17556,0.22279,1.9987
0.3,0.6,1.5263,1.4803,0.32831,0.82435,0.96987,1.111,1.3596,0.40546,0.16511,0.21706,1.9997
0.3,0.6,1.5233,1.4822,0.33036,0.82591,0.97306,1.1094,1.3593,0.4129,0.15487,0.21541,1.9984
0.3,0.6,1.5205,1.4856,0.33287,0.83008,0.97705,1.108,1.3587,0.42219,0.14527,0.21239,1.9982
0.3,0.6,1.5175,1.489,0.33542,0.83446,0.98121,1.1066,1.3582,0.4319,0.13636,0.20999,1.9979
0.3,0.6,1.5148,1.4947,0.33915,0.83998,0.98674,1.1053,1.3573,0.4448,0.1281,0.20572,1.9999
0.3,0.6,1.5106,1.4954,0.34058,0.8402,0.98995,1.1041,1.3576,0.45228,0.12058,0.20725,1.9966
0.3,0.6,1.5385,1.4686,0.31179,0.8132,0.95458,1.1249,1.3647,0.36978,0.2546,0.24206,1.9992
0.3,0.6,1.537,1.4714,0.31384,0.81586,0.95728,1.1229,1.3635,0.37609,0.24136,0.23642,1.9989
0.3,0.6,1.5362,1.4764,0.316,0.8192,0.96105,1.1211,1.3619,0.38489,0.22993,0.22857,1.9998
0.3,0.6,1.5346,1.4798,0.31823,0.82078,0.96428,1.1192,1.3608,0.3924,0.21763,0.22273,2
0.3,0.6,1.5327,1.4827,0.32049,0.82325,0.96735,1.1173,1.3598,0.39957,0.20538,0.21798,1.9997
0.3,0.6,1.5302,1.4845,0.32263,0.82449,0.97012,1.1154,1.3592,0.40604,0.19334,0.21482,1.9988
0.3,0.6,1.5257,1.491,0.32745,0.83103,0.97726,1.1121,1.3575,0.42268,0.17166,0.20653,1.9986
0.3,0.6,1.5235,1.4959,0.33044,0.83546,0.98185,1.1105,1.3564,0.43339,0.16178,0.20117,1.9997
0.3,0.6,1.5202,1.4975,0.33255,0.83822,0.98505,1.109,1.3562,0.44085,0.15219,0.20025,1.9982
0.3,0.6,1.5175,1.5026,0.336,0.84243,0.99022,1.1077,1.3553,0.45292,0.14346,0.19589,1.9995
0.3,0.6,1.5137,1.5037,0.33791,0.8433,0.99342,1.1064,1.3555,0.46038,0.13529,0.19651,1.9973
0.3,0.6,1.5363,1.4894,0.31516,0.8255,0.96947,1.1223,1.3596,0.40452,0.23766,0.21716,1.9998
0.3,0.6,1.5341,1.491,0.31738,0.82629,0.97188,1.1202,1.3588,0.41013,0.22425,0.21307,1.999
0.3,0.6,1.5321,1.4936,0.31967,0.82938,0.97486,1.1183,1.3578,0.4171,0.21202,0.20833,1.9987
0.3,0.6,1.5302,1.4971,0.32213,0.83291,0.9784,1.1166,1.3568,0.42534,0.20069,0.20298,1.9989
0.3,0.6,1.5283,1.5018,0.3249,0.83688,0.9826,1.1149,1.3555,0.43515,0.19004,0.19681,1.9997
0.3,0.6,1.5233,1.4955,0.32555,0.83342,0.98175,1.1129,1.3569,0.43317,0.17709,0.20383,1.9936
0.3,0.6,1.5227,1.5064,0.3298,0.84175,0.9893,1.1117,1.3544,0.45077,0.16908,0.19141,1.9984
0.3,0.6,1.5197,1.5094,0.33252,0.84372,0.99324,1.1102,1.3539,0.45996,0.15973,0.1887,1.9982
0.3,0.6,1.5164,1.5124,0.33528,0.84803,0.99732,1.1089,1.3535,0.46949,0.15109,0.18667,1.9978
0.3,0.6,1.534,1.504,0.31689,0.83568,0.9804,1.1215,1.3565,0.43001,0.2322,0.20179,1.999
0.3,0.6,1.5321,1.5069,0.31932,0.83897,0.98355,1.1196,1.3555,0.43736,0.22018,0.19652,1.999
0.3,0.6,1.5299,1.5098,0.32183,0.84219,0.98685,1.1178,1.3545,0.44506,0.20865,0.19171,1.9989
0.3,0.6,1.5275,1.5127,0.32444,0.84219,0.99032,1.1161,1.3536,0.45315,0.19754,0.18733,1.9988
0.3,0.6,1.5249,1.5156,0.3271,0.84524,0.9939,1.1144,1.3528,0.46151,0.18704,0.18353,1.9986
0.3,0.6,1.522,1.5185,0.32987,0.84885,0.99769,1.1129,1.3522,0.47035,0.17716,0.18027,1.9984
0.3,0.6,1.5191,1.5235,0.33346,0.85399,1.0029,1.1115,1.3512,0.48243,0.16828,0.17556,1.9996
0.3,0.6,1.5342,1.5186,0.31674,0.84338,0.9898,1.123,1.354,0.45194,0.2418,0.18941,1.9998
0.3,0.6,1.5322,1.5217,0.31941,0.84569,0.99315,1.1211,1.3528,0.45975,0.22976,0.18357,2
0.3,0.6,1.5294,1.5225,0.32182,0.84684,0.99546,1.1191,1.3523,0.46514,0.21698,0.18075,1.9989
0.3,0.6,1.5269,1.5252,0.32452,0.85057,0.99889,1.1174,1.3514,0.47313,0.206,0.17646,1.9987
0.3,0.6,1.5213,1.5327,0.3309,0.85813,1.0075,1.1143,1.3496,0.49319,0.1863,0.16757,1.9997
0.3,0.6,1.5315,1.5341,0.31958,0.85351,1.0017,1.1224,1.3508,0.47972,0.23829,0.17331,1.9997
0.3,0.6,1.5263,1.5395,0.32542,0.8595,1.0086,1.1189,1.3489,0.49588,0.21558,0.16404,1.9997
0.3,0.6,1.5231,1.5401,0.32787,0.8593,1.0112,1.1172,1.3486,0.50184,0.20464,0.16245,1.9985
0.3,0.6,1.5325,1.5427,0.3171,0.85722,1.0067,1.1255,1.35,0.49126,0.25835,0.1697,1.999
0.3,0.6,1.5306,1.5472,0.32027,0.86107,1.0108,1.1239,1.3486,0.50095,0.24762,0.16239,2
0.3,0.6,1.5276,1.5474,0.32279,0.8616,1.013,1.1219,1.348,0.50603,0.23491,0.15982,1.9988
0.3,0.6,1.5314,1.5552,0.31796,0.86477,1.0155,1.1269,1.3479,0.51193,0.26741,0.15918,1.999
0.3,0.6,1.5292,1.5591,0.32128,0.86789,1.0195,1.1253,1.3465,0.52132,0.25662,0.15238,1.9998
0.3,0.6,1.5263,1.5614,0.32445,0.87074,1.023,1.1235,1.3456,0.52933,0.24527,0.14786,1.9997
0.3,0.6,1.5303,1.5693,0.31968,0.87311,1.0254,1.1286,1.3454,0.53507,0.27814,0.14689,2
0.3,0.6,1.5312,1.5791,0.31807,0.88041,1.0313,1.132,1.3446,0.54869,0.29994,0.14279,1.9998
0.3,0.6,1.5284,1.581,0.32147,0.88035,1.0344,1.1301,1.3434,0.55598,0.28748,0.13665,2
0.3,0.6,1.5326,1.5997,0.31554,0.89275,1.0438,1.1391,1.3431,0.57791,0.34562,0.1353,1.9998
0.3,0.6,1.5274,1.5908,0.31766,0.8881,1.0415,1.1348,1.3432,0.57256,0.31824,0.13603,1.995
0.3,0.6,1.5331,1.6104,0.31462,0.90002,1.0504,1.1428,1.3423,0.59325,0.36974,0.13165,2
0.3,0.6,1.5297,1.6088,0.31791,0.89809,1.0517,1.14,1.3411,0.59629,0.35162,0.1254,1.9989
0.3,0.6,1.5303,1.62,0.31754,0.90505,1.0586,1.1439,1.34,0.61246,0.3768,0.12023,1.9998
0.3,0.6,1.5297,1.6276,0.31714,0.90864,1.064,1.147,1.3394,0.62503,0.3964,0.11701,1.9989
0.3,0.6,1.5301,1.6385,0.31727,0.91387,1.0709,1.151,1.3383,0.64109,0.42211,0.11157,2
0.3,0.6,1.5297,1.6472,0.31722,0.9194,1.0768,1.1544,1.3375,0.65491,0.44386,0.10754,1.9998
0.3,0.6,1.5288,1.6545,0.31716,0.92202,1.0822,1.1573,1.3368,0.66748,0.46262,0.10422,1.9989
0.3,0.6,1.529,1.6651,0.31739,0.92934,1.089,1.1613,1.3358,0.68334,0.48873,0.099252,1.9998
0.3,0.6,1.5286,1.6739,0.31759,0.93316,1.0951,1.1648,1.3349,0.6975,0.5111,0.095053,1.9998
0.3,0.6,1.5275,1.6809,0.31779,0.93566,1.1004,1.1676,1.3342,0.70996,0.52933,0.091593,1.9988
0.3,0.6,1.5269,1.6894,0.31819,0.9404,1.1065,1.1711,1.3334,0.72404,0.5514,0.087289,1.9989
0.3,0.6,1.5234,1.689,0.31834,0.94035,1.1088,1.1712,1.3332,0.72939,0.55211,0.086217,1.9945
0.3,0.6,1.5261,1.7081,0.31921,0.94961,1.1193,1.1787,1.3315,0.75388,0.60038,0.077993,1.9998
0.3,0.6,1.5246,1.7144,0.31978,0.95227,1.1245,1.1814,1.3307,0.76608,0.61784,0.074146,1.9989
0.3,0.6,1.5243,1.7244,0.32051,0.95799,1.1312,1.1856,1.3297,0.78183,0.64473,0.069182,1.9998
0.3,0.6,1.5233,1.7323,0.32128,0.96218,1.1372,1.189,1.3288,0.7957,0.66683,0.064664,1.9998
0.3,0.6,1.5224,1.7404,0.32217,0.96607,1.1432,1.1925,1.3278,0.80983,0.6897,0.059946,2
0.3,0.6,1.521,1.7476,0.32312,0.96953,1.149,1.1958,1.3269,0.82322,0.71067,0.055389,1.9998
0.3,0.6,1.5197,1.755,0.32418,0.97241,1.1549,1.1992,1.326,0.83693,0.73254,0.050696,1.9997
0.3,0.6,1.5182,1.7622,0.32534,0.97536,1.1607,1.2026,1.325,0.85058,0.75433,0.04594,1.9997
0.3,0.6,1.5161,1.7677,0.32637,0.9784,1.1659,1.2054,1.3242,0.86271,0.77222,0.041901,1.9986
0.3,0.6,1.5149,1.7761,0.32798,0.98153,1.1724,1.2094,1.3231,0.87784,0.79794,0.036391,1.9997
0.3,0.6,1.5131,1.783,0.32954,0.98543,1.1784,1.2129,1.3221,0.89172,0.8204,0.031409,1.9999
0.3,0.6,1.5111,1.7894,0.3312,0.98824,1.1842,1.2162,1.3211,0.90535,0.84222,0.026546,2
0.3,0.6,1.5087,1.7952,0.33284,0.99163,1.1899,1.2195,1.3202,0.91866,0.86339,0.022036,1.9997
0.3,0.6,1.5062,1.8013,0.33498,0.99514,1.1959,1.223,1.3192,0.9327,0.88585,0.017092,2
0.3,0.6,1.5089,1.8192,0.33221,0.99992,1.2057,1.2323,1.319,0.95542,0.94527,0.016029,2
0.3,0.6,1.5002,1.812,0.33958,0.99921,1.2079,1.2299,1.3174,0.96054,0.93012,0.008194,2
0.3,0.6,1.5027,1.8294,0.33685,0.9996,1.2174,1.239,1.3172,0.98284,0.98852,0.0072871,1.9996
0.3,0.6,1.494,1.822,0.34401,0.99989,1.2195,1.2371,1.3161,0.98771,0.97616,0.0017988,1.9999
0.3,0.6,1.4921,1.8275,0.34538,0.99999,1.2248,1.2408,1.3157,1,1,0,2
